route,origin,destination,count,count_cancelled,count_diverted,TOTAL_CARRIER_DELAY,TOTAL_ARR_DELAY,TOTAL_LATE_AIRCRAFT_DELAY,TOTAL_NAS_DELAY,TOTAL_SECURITY_DELAY,TOTAL_WEATHER_DELAY,TOTAL_AVG_CARRIER_DELAY,TOTAL_AVG_ARR_DELAY,TOTAL_AVG_LATE_AIRCRAFT_DELAY,TOTAL_AVG_NAS_DELAY,TOTAL_AVG_SECURITY_DELAY,TOTAL_AVG_WEATHER_DELAY,AA_count,AS_count,B6_count,DL_count,EV_count,F9_count,MQ_count,OO_count,UA_count,US_count,VX_count,WN_count,AA_cancelled,AS_cancelled,B6_cancelled,DL_cancelled,EV_cancelled,F9_cancelled,MQ_cancelled,OO_cancelled,UA_cancelled,US_cancelled,VX_cancelled,WN_cancelled,AA_CARRIER_DELAY,AS_CARRIER_DELAY,B6_CARRIER_DELAY,DL_CARRIER_DELAY,EV_CARRIER_DELAY,F9_CARRIER_DELAY,MQ_CARRIER_DELAY,OO_CARRIER_DELAY,UA_CARRIER_DELAY,US_CARRIER_DELAY,VX_CARRIER_DELAY,WN_CARRIER_DELAY,AA_ARR_DELAY,AS_ARR_DELAY,B6_ARR_DELAY,DL_ARR_DELAY,EV_ARR_DELAY,F9_ARR_DELAY,MQ_ARR_DELAY,OO_ARR_DELAY,UA_ARR_DELAY,US_ARR_DELAY,VX_ARR_DELAY,WN_ARR_DELAY,AA_LATE_AIRCRAFT_DELAY,AS_LATE_AIRCRAFT_DELAY,B6_LATE_AIRCRAFT_DELAY,DL_LATE_AIRCRAFT_DELAY,EV_LATE_AIRCRAFT_DELAY,F9_LATE_AIRCRAFT_DELAY,MQ_LATE_AIRCRAFT_DELAY,OO_LATE_AIRCRAFT_DELAY,UA_LATE_AIRCRAFT_DELAY,US_LATE_AIRCRAFT_DELAY,VX_LATE_AIRCRAFT_DELAY,WN_LATE_AIRCRAFT_DELAY,AA_NAS_DELAY,AS_NAS_DELAY,B6_NAS_DELAY,DL_NAS_DELAY,EV_NAS_DELAY,F9_NAS_DELAY,MQ_NAS_DELAY,OO_NAS_DELAY,UA_NAS_DELAY,US_NAS_DELAY,VX_NAS_DELAY,WN_NAS_DELAY,AA_SECURITY_DELAY,AS_SECURITY_DELAY,B6_SECURITY_DELAY,DL_SECURITY_DELAY,EV_SECURITY_DELAY,F9_SECURITY_DELAY,MQ_SECURITY_DELAY,OO_SECURITY_DELAY,UA_SECURITY_DELAY,US_SECURITY_DELAY,VX_SECURITY_DELAY,WN_SECURITY_DELAY,AA_WEATHER_DELAY,AS_WEATHER_DELAY,B6_WEATHER_DELAY,DL_WEATHER_DELAY,EV_WEATHER_DELAY,F9_WEATHER_DELAY,MQ_WEATHER_DELAY,OO_WEATHER_DELAY,UA_WEATHER_DELAY,US_WEATHER_DELAY,VX_WEATHER_DELAY,WN_WEATHER_DELAY
ALB-IAD,ALB,IAD,3,0,0,3,2,2,2,2,0,0,19,29,8,0,0,,,,,3,,,,,,,,,,,,0,,,,,,,,,,,,0,,,,,,,,,,,,19,,,,,,,,,,,,29,,,,,,,,,,,,8,,,,,,,,,,,,0,,,,,,,,,,,,0,,,,,,,
ATL-CHO,ATL,CHO,86,0,0,86,20,20,20,20,41,21.75,8.360465116,25.15,4,0,2.05,,,,24,62,,,,,,,,,,,0,0,,,,,,,,,,,4.25,26.125,,,,,,,,,,,3.416666667,10.27419355,,,,,,,,,,,25.5,25.0625,,,,,,,,,,,10.25,2.4375,,,,,,,,,,,0,0,,,,,,,,,,,10.25,0,,,,,,,
ATL-DCA,ATL,DCA,561,9,2,550,84,84,84,84,391,14.61904762,2.807272727,15.0952381,13.10714286,0,4.654761905,,,,386,,,,,,,,175,,,,1,,,,,,,,8,,,,16.24528302,,,,,,,,11.83870968,,,,1.736979167,,,,,,,,5.28313253,,,,11.0754717,,,,,,,,21.96774194,,,,17.05660377,,,,,,,,6.35483871,,,,0,,,,,,,,0,,,,7.094339623,,,,,,,,0.483870968
ATL-IAD,ATL,IAD,300,1,0,299,61,61,61,61,74,22.83606557,8.612040134,12.98360656,21.68852459,0,1.213114754,,,,185,90,25,,,,,,,,,,0,1,0,,,,,,,,,,13.61111111,27.35294118,24.22222222,,,,,,,,,,-1.183783784,22.73033708,30.84,,,,,,,,,,5,19,6.222222222,,,,,,,,,,7.722222222,19.44117647,58.11111111,,,,,,,,,,0,0,0,,,,,,,,,,4.055555556,0.029411765,0,,,,,,
ATL-ORF,ATL,ORF,190,0,0,190,17,17,17,17,37,22.94117647,-2.152631579,18.17647059,1.941176471,0,2.176470588,,,,187,3,,,,,,,,,,,0,0,,,,,,,,,,,19.1875,83,,,,,,,,,,,-2.604278075,26,,,,,,,,,,,18.6875,10,,,,,,,,,,,2.0625,0,,,,,,,,,,,0,0,,,,,,,,,,,2.3125,0,,,,,,,
ATL-PHF,ATL,PHF,137,0,2,135,25,25,25,25,0,13.28,3.807407407,15.76,5.64,0,0,,,,,137,,,,,,,,,,,,0,,,,,,,,,,,,13.28,,,,,,,,,,,,3.807407407,,,,,,,,,,,,15.76,,,,,,,,,,,,5.64,,,,,,,,,,,,0,,,,,,,,,,,,0,,,,,,,
ATL-RIC,ATL,RIC,310,0,0,310,46,46,46,46,183,23.30434783,2.161290323,10.56521739,14.17391304,0,3.97826087,,,,220,2,,,,,,,88,,,,0,0,,,,,,,0,,,,23.78571429,,,,,,,,22.55555556,,,,2.2,3.5,,,,,,,2.034090909,,,,6.678571429,,,,,,,,16.61111111,,,,22.53571429,,,,,,,,1.166666667,,,,0,,,,,,,,0,,,,6.535714286,,,,,,,,0
ATL-ROA,ATL,ROA,116,2,3,111,19,19,19,19,1,29.89473684,6.243243243,29.89473684,2.842105263,0,0.052631579,,,,27,89,,,,,,,,,,,0,2,,,,,,,,,,,3.25,37,,,,,,,,,,,9.038461538,5.388235294,,,,,,,,,,,55,23.2,,,,,,,,,,,6.25,1.933333333,,,,,,,,,,,0,0,,,,,,,,,,,0.25,0,,,,,,,
AUS-DCA,AUS,DCA,31,0,0,31,3,3,3,3,0,1,-5.258064516,11.66666667,15.33333333,0,0,,,,,,,,,,,,31,,,,,,,,,,,,0,,,,,,,,,,,,1,,,,,,,,,,,,-5.258064516,,,,,,,,,,,,11.66666667,,,,,,,,,,,,15.33333333,,,,,,,,,,,,0,,,,,,,,,,,,0
BDL-DCA,BDL,DCA,62,5,0,57,11,11,11,11,0,14.09090909,1.228070175,28.63636364,22.72727273,0,0,,,62,,,,,,,,,,,,5,,,,,,,,,,,,14.09090909,,,,,,,,,,,,1.228070175,,,,,,,,,,,,28.63636364,,,,,,,,,,,,22.72727273,,,,,,,,,,,,0,,,,,,,,,,,,0,,,,,,,,,
BDL-IAD,BDL,IAD,76,6,0,70,16,16,16,16,24,19.5625,19.17142857,47.0625,43.3125,0,1.5,,,,,76,,,,,,,,,,,,6,,,,,,,,,,,,19.5625,,,,,,,,,,,,19.17142857,,,,,,,,,,,,47.0625,,,,,,,,,,,,43.3125,,,,,,,,,,,,0,,,,,,,,,,,,1.5,,,,,,,
BNA-DCA,BNA,DCA,88,8,0,80,6,6,6,6,42,1.5,-9.35,28.33333333,7,0,7,,,,,,,,,,,,88,,,,,,,,,,,,8,,,,,,,,,,,,1.5,,,,,,,,,,,,-9.35,,,,,,,,,,,,28.33333333,,,,,,,,,,,,7,,,,,,,,,,,,0,,,,,,,,,,,,7
BNA-IAD,BNA,IAD,22,0,0,22,2,2,2,2,0,14,-5.727272727,22.5,9,0,0,,,,,22,,,,,,,,,,,,0,,,,,,,,,,,,14,,,,,,,,,,,,-5.727272727,,,,,,,,,,,,22.5,,,,,,,,,,,,9,,,,,,,,,,,,0,,,,,,,,,,,,0,,,,,,,
BOS-DCA,BOS,DCA,671,64,1,606,142,142,142,142,258,11.24647887,5.787128713,10.74647887,25.30985915,0,1.816901408,,,276,,,,,,,395,,,,,25,,,,,,,39,,,,,11.0754717,,,,,,,11.34831461,,,,,2.772908367,,,,,,,7.918309859,,,,,7.811320755,,,,,,,12.49438202,,,,,28.50943396,,,,,,,23.40449438,,,,,0,,,,,,,0,,,,,1.528301887,,,,,,,1.988764045,,
BOS-IAD,BOS,IAD,126,7,0,119,25,25,25,25,16,24.12,6.857142857,23.4,16.76,0,0.64,,,81,,,,,,45,,,,,,5,,,,,,2,,,,,,23.64705882,,,,,,25.125,,,,,,6.631578947,,,,,,7.255813953,,,,,,20,,,,,,30.625,,,,,,16,,,,,,18.375,,,,,,0,,,,,,0,,,,,,0.941176471,,,,,,0,,,
BOS-RIC,BOS,RIC,193,17,1,175,46,46,46,46,84,17.73913043,9.308571429,20.7173913,16.10869565,0,1.826086957,,,125,,68,,,,,,,,,,9,,8,,,,,,,,,,7.714285714,,33.33333333,,,,,,,,,,6.413793103,,15,,,,,,,,,,26.82142857,,11.22222222,,,,,,,,,,15.85714286,,16.5,,,,,,,,,,0,,0,,,,,,,,,,3,,0,,,,,,,
BTR-DCA,BTR,DCA,1,0,0,1,,,,,,,12,,,,,,,,,,,,,1,,,,,,,,,,,,0,,,,,,,,,,,,,,,,,,,,,,,,12,,,,,,,,,,,,,,,,,,,,,,,,,,,,,,,,,,,,,,,,,,,,,,,,,,,
BTV-IAD,BTV,IAD,7,0,0,7,4,4,4,4,0,29.75,25.14285714,0,10.75,0,0,,,,,7,,,,,,,,,,,,0,,,,,,,,,,,,29.75,,,,,,,,,,,,25.14285714,,,,,,,,,,,,0,,,,,,,,,,,,10.75,,,,,,,,,,,,0,,,,,,,,,,,,0,,,,,,,
BUF-IAD,BUF,IAD,25,1,0,24,4,4,4,4,0,0,-3.458333333,34.25,4.75,0,0,,,,,25,,,,,,,,,,,,1,,,,,,,,,,,,0,,,,,,,,,,,,-3.458333333,,,,,,,,,,,,34.25,,,,,,,,,,,,4.75,,,,,,,,,,,,0,,,,,,,,,,,,0,,,,,,,
BWI-ORF,BWI,ORF,89,0,0,89,28,28,28,28,262,14.53571429,12.65168539,18.35714286,7,0,9.357142857,,,,,,,,,,,,89,,,,,,,,,,,,0,,,,,,,,,,,,14.53571429,,,,,,,,,,,,12.65168539,,,,,,,,,,,,18.35714286,,,,,,,,,,,,7,,,,,,,,,,,,0,,,,,,,,,,,,9.357142857
CAE-IAD,CAE,IAD,86,2,0,84,20,20,20,20,0,34.8,16.16666667,54.1,11.95,0,0,,,,,86,,,,,,,,,,,,2,,,,,,,,,,,,34.8,,,,,,,,,,,,16.16666667,,,,,,,,,,,,54.1,,,,,,,,,,,,11.95,,,,,,,,,,,,0,,,,,,,,,,,,0,,,,,,,
CAK-DCA,CAK,DCA,31,0,0,31,6,6,6,6,0,29.16666667,3.096774194,36.5,3.833333333,0,0,,,,,,,,,,,,31,,,,,,,,,,,,0,,,,,,,,,,,,29.16666667,,,,,,,,,,,,3.096774194,,,,,,,,,,,,36.5,,,,,,,,,,,,3.833333333,,,,,,,,,,,,0,,,,,,,,,,,,0
CHO-ATL,CHO,ATL,85,0,0,85,11,11,11,11,0,4.636363636,-0.858823529,39.09090909,11.90909091,0,0,,,,24,61,,,,,,,,,,,0,0,,,,,,,,,,,0,6.375,,,,,,,,,,,-5.958333333,1.147540984,,,,,,,,,,,0,53.75,,,,,,,,,,,33.33333333,3.875,,,,,,,,,,,0,0,,,,,,,,,,,0,0,,,,,,,
CHO-LGA,CHO,LGA,54,9,0,45,14,14,14,14,0,14.71428571,16.95555556,22.42857143,34.92857143,0,0,,,,,23,,31,,,,,,,,,,4,,5,,,,,,,,,,28.25,,9.3,,,,,,,,,,4.210526316,,26.26923077,,,,,,,,,,0,,31.4,,,,,,,,,,33.25,,35.6,,,,,,,,,,0,,0,,,,,,,,,,0,,0,,,,,
CHO-ORD,CHO,ORD,62,9,0,53,25,25,25,25,0,8.68,34.30188679,55.28,14.6,0,0,,,,,,,,62,,,,,,,,,,,,9,,,,,,,,,,,,8.68,,,,,,,,,,,,34.30188679,,,,,,,,,,,,55.28,,,,,,,,,,,,14.6,,,,,,,,,,,,0,,,,,,,,,,,,0,,,,
CHS-DCA,CHS,DCA,57,5,0,52,16,16,16,16,0,21.375,15.94230769,19.9375,22.5625,0,0,,,57,,,,,,,,,,,,5,,,,,,,,,,,,21.375,,,,,,,,,,,,15.94230769,,,,,,,,,,,,19.9375,,,,,,,,,,,,22.5625,,,,,,,,,,,,0,,,,,,,,,,,,0,,,,,,,,,
CHS-IAD,CHS,IAD,4,0,0,4,3,3,3,3,0,2.666666667,31.25,30.66666667,4,0,0,,,,,4,,,,,,,,,,,,0,,,,,,,,,,,,2.666666667,,,,,,,,,,,,31.25,,,,,,,,,,,,30.66666667,,,,,,,,,,,,4,,,,,,,,,,,,0,,,,,,,,,,,,0,,,,,,,
CLE-DCA,CLE,DCA,120,3,0,117,10,10,10,10,0,3.1,-8.273504274,6.5,20.5,0,0,,,,,120,,,,,,,,,,,,3,,,,,,,,,,,,3.1,,,,,,,,,,,,-8.273504274,,,,,,,,,,,,6.5,,,,,,,,,,,,20.5,,,,,,,,,,,,0,,,,,,,,,,,,0,,,,,,,
CLE-IAD,CLE,IAD,86,2,0,84,11,11,11,11,0,8.272727273,1.642857143,25,12.90909091,0,0,,,,,86,,,,,,,,,,,,2,,,,,,,,,,,,8.272727273,,,,,,,,,,,,1.642857143,,,,,,,,,,,,25,,,,,,,,,,,,12.90909091,,,,,,,,,,,,0,,,,,,,,,,,,0,,,,,,,
CLT-DCA,CLT,DCA,229,2,0,227,40,40,40,40,0,23.125,2.753303965,5.55,12.8,0.125,0,,,,,,,,,,229,,,,,,,,,,,,2,,,,,,,,,,,,23.125,,,,,,,,,,,,2.753303965,,,,,,,,,,,,5.55,,,,,,,,,,,,12.8,,,,,,,,,,,,0.125,,,,,,,,,,,,0,,
CLT-IAD,CLT,IAD,9,0,0,9,5,5,5,5,15,19.2,33.22222222,34.4,10.6,0,3,,,,,6,3,,,,,,,,,,,0,0,,,,,,,,,,,24,0,,,,,,,,,,,40.33333333,19,,,,,,,,,,,30.75,49,,,,,,,,,,,9.5,15,,,,,,,,,,,0,0,,,,,,,,,,,3.75,0,,,,,,
CLT-ORF,CLT,ORF,79,0,0,79,9,9,9,9,0,9,-0.151898734,11.88888889,6.555555556,0,0,,,,,,,,,,79,,,,,,,,,,,,0,,,,,,,,,,,,9,,,,,,,,,,,,-0.151898734,,,,,,,,,,,,11.88888889,,,,,,,,,,,,6.555555556,,,,,,,,,,,,0,,,,,,,,,,,,0,,
CLT-RIC,CLT,RIC,110,1,0,109,20,20,20,20,0,21.8,2.642201835,15.15,5.65,0.2,0,,,,,,,,,,110,,,,,,,,,,,,1,,,,,,,,,,,,21.8,,,,,,,,,,,,2.642201835,,,,,,,,,,,,15.15,,,,,,,,,,,,5.65,,,,,,,,,,,,0.2,,,,,,,,,,,,0,,
CMH-IAD,CMH,IAD,25,1,0,24,3,3,3,3,0,0.333333333,2.875,26.33333333,53.66666667,0,0,,,,,25,,,,,,,,,,,,1,,,,,,,,,,,,0.333333333,,,,,,,,,,,,2.875,,,,,,,,,,,,26.33333333,,,,,,,,,,,,53.66666667,,,,,,,,,,,,0,,,,,,,,,,,,0,,,,,,,
CVG-IAD,CVG,IAD,4,0,0,4,,,,,,,-11.25,,,,,,,,,,4,,,,,,,,,,,,0,,,,,,,,,,,,,,,,,,,,,,,,-11.25,,,,,,,,,,,,,,,,,,,,,,,,,,,,,,,,,,,,,,,,,,,,,,,,,,,,,,
DAL-DCA,DAL,DCA,262,15,2,245,24,24,24,24,97,17.91666667,-3.036734694,15.5,1.583333333,0,4.041666667,,,,,,,,,,,80,182,,,,,,,,,,,3,12,,,,,,,,,,,29.57142857,13.11764706,,,,,,,,,,,-1.467532468,-3.755952381,,,,,,,,,,,9.428571429,18,,,,,,,,,,,1,1.823529412,,,,,,,,,,,0,0,,,,,,,,,,,7.142857143,2.764705882
DAY-IAD,DAY,IAD,2,0,0,2,1,1,1,1,0,0,21,65,0,0,0,,,,,2,,,,,,,,,,,,0,,,,,,,,,,,,0,,,,,,,,,,,,21,,,,,,,,,,,,65,,,,,,,,,,,,0,,,,,,,,,,,,0,,,,,,,,,,,,0,,,,,,,
DCA-ATL,DCA,ATL,561,10,0,551,64,64,64,64,565,22.828125,-4.070780399,17.1875,24.046875,0,8.828125,,,,387,,,,,,,,174,,,,1,,,,,,,,9,,,,31.51428571,,,,,,,,12.34482759,,,,-3.111398964,,,,,,,,-6.315151515,,,,18.65714286,,,,,,,,15.4137931,,,,31.65714286,,,,,,,,14.86206897,,,,0,,,,,,,,0,,,,15.82857143,,,,,,,,0.379310345
DCA-AUS,DCA,AUS,31,0,0,31,3,3,3,3,0,3,-11.16129032,3.666666667,19,0,0,,,,,,,,,,,,31,,,,,,,,,,,,0,,,,,,,,,,,,3,,,,,,,,,,,,-11.16129032,,,,,,,,,,,,3.666666667,,,,,,,,,,,,19,,,,,,,,,,,,0,,,,,,,,,,,,0
DCA-BDL,DCA,BDL,62,5,0,57,8,8,8,8,0,8.25,-3.385964912,19,18.375,0,0,,,62,,,,,,,,,,,,5,,,,,,,,,,,,8.25,,,,,,,,,,,,-3.385964912,,,,,,,,,,,,19,,,,,,,,,,,,18.375,,,,,,,,,,,,0,,,,,,,,,,,,0,,,,,,,,,
DCA-BNA,DCA,BNA,89,5,0,84,7,7,7,7,0,5.285714286,-11.35714286,41.57142857,8.142857143,0,0,,,,,,,,,,,,89,,,,,,,,,,,,5,,,,,,,,,,,,5.285714286,,,,,,,,,,,,-11.35714286,,,,,,,,,,,,41.57142857,,,,,,,,,,,,8.142857143,,,,,,,,,,,,0,,,,,,,,,,,,0
DCA-BOS,DCA,BOS,676,68,0,608,118,118,118,118,244,11.93220339,4.577302632,23.01694915,14.99152542,0,2.06779661,,,277,,,,,,,399,,,,,28,,,,,,,40,,,,,15,,,,,,,9.828571429,,,,,4.682730924,,,,,,,4.504178273,,,,,26.83333333,,,,,,,20.4,,,,,14.52083333,,,,,,,15.31428571,,,,,0,,,,,,,0,,,,,1.916666667,,,,,,,2.171428571,,
DCA-BTR,DCA,BTR,1,0,0,1,1,1,1,1,0,58,58,0,0,0,0,,,,,,,,,1,,,,,,,,,,,,0,,,,,,,,,,,,58,,,,,,,,,,,,58,,,,,,,,,,,,0,,,,,,,,,,,,0,,,,,,,,,,,,0,,,,,,,,,,,,0,,,
DCA-CAK,DCA,CAK,31,2,0,29,4,4,4,4,0,31.75,-4.482758621,4.75,0,0,0,,,,,,,,,,,,31,,,,,,,,,,,,2,,,,,,,,,,,,31.75,,,,,,,,,,,,-4.482758621,,,,,,,,,,,,4.75,,,,,,,,,,,,0,,,,,,,,,,,,0,,,,,,,,,,,,0
DCA-CHS,DCA,CHS,58,4,0,54,12,12,12,12,0,15.5,9.055555556,50.75,11.41666667,0,0,,,58,,,,,,,,,,,,4,,,,,,,,,,,,15.5,,,,,,,,,,,,9.055555556,,,,,,,,,,,,50.75,,,,,,,,,,,,11.41666667,,,,,,,,,,,,0,,,,,,,,,,,,0,,,,,,,,,
DCA-CLE,DCA,CLE,120,3,0,117,13,13,13,13,398,5.538461538,-4.572649573,5.384615385,18.84615385,0,30.61538462,,,,,120,,,,,,,,,,,,3,,,,,,,,,,,,5.538461538,,,,,,,,,,,,-4.572649573,,,,,,,,,,,,5.384615385,,,,,,,,,,,,18.84615385,,,,,,,,,,,,0,,,,,,,,,,,,30.61538462,,,,,,,
DCA-CLT,DCA,CLT,234,5,0,229,29,29,29,29,222,5.793103448,-0.410480349,20.93103448,12.55172414,0.172413793,7.655172414,,,,,,,,,,234,,,,,,,,,,,,5,,,,,,,,,,,,5.793103448,,,,,,,,,,,,-0.410480349,,,,,,,,,,,,20.93103448,,,,,,,,,,,,12.55172414,,,,,,,,,,,,0.172413793,,,,,,,,,,,,7.655172414,,
DCA-DAL,DCA,DAL,262,19,0,243,31,31,31,31,413,26.25806452,-8.304526749,12.12903226,11.77419355,0,13.32258065,,,,,,,,,,,80,182,,,,,,,,,,,3,16,,,,,,,,,,,50.33333333,11.05263158,,,,,,,,,,,2.025974026,-13.09638554,,,,,,,,,,,1,19.15789474,,,,,,,,,,,12,11.63157895,,,,,,,,,,,0,0,,,,,,,,,,,14.66666667,12.47368421
DCA-DEN,DCA,DEN,122,0,0,122,36,36,36,36,415,21,13.31967213,9.777777778,20.13888889,0,11.52777778,,,,,,91,,,31,,,,,,,,,0,,,0,,,,,,,,,21.44444444,,,19.66666667,,,,,,,,,15.42857143,,,7.129032258,,,,,,,,,11.07407407,,,5.888888889,,,,,,,,,22.92592593,,,11.77777778,,,,,,,,,0,,,0,,,,,,,,,14.33333333,,,3.111111111,,,
DCA-DFW,DCA,DFW,291,5,0,286,64,64,64,64,385,8.109375,3.472027972,27.484375,11.953125,0,6.015625,291,,,,,,,,,,,,5,,,,,,,,,,,,8.109375,,,,,,,,,,,,3.472027972,,,,,,,,,,,,27.484375,,,,,,,,,,,,11.953125,,,,,,,,,,,,0,,,,,,,,,,,,6.015625,,,,,,,,,,,
DCA-DTW,DCA,DTW,165,1,0,164,24,24,24,24,120,25.5,0.414634146,27.08333333,11.625,0,5,,,,141,24,,,,,,,,,,,0,1,,,,,,,,,,,17.1,67.5,,,,,,,,,,,-0.90070922,8.47826087,,,,,,,,,,,29.35,15.75,,,,,,,,,,,8.45,27.5,,,,,,,,,,,0,0,,,,,,,,,,,6,0,,,,,,,
DCA-EWR,DCA,EWR,137,18,0,119,37,37,37,37,28,8.810810811,11.8487395,19.94594595,27.08108108,0,0.756756757,,,,,137,,,,,,,,,,,,18,,,,,,,,,,,,8.810810811,,,,,,,,,,,,11.8487395,,,,,,,,,,,,19.94594595,,,,,,,,,,,,27.08108108,,,,,,,,,,,,0,,,,,,,,,,,,0.756756757,,,,,,,
DCA-FLL,DCA,FLL,214,5,0,209,36,36,36,36,0,18.91666667,3.263157895,34.63888889,13.41666667,0,0,,,119,,,,,,,95,,,,,4,,,,,,,1,,,,,13.38888889,,,,,,,24.44444444,,,,,3.72173913,,,,,,,2.70212766,,,,,42.83333333,,,,,,,26.44444444,,,,,14.16666667,,,,,,,12.66666667,,,,,0,,,,,,,0,,,,,0,,,,,,,0,,
DCA-HOU,DCA,HOU,114,9,0,105,15,15,15,15,0,7.666666667,-7.828571429,41.26666667,7.066666667,0,0,,,,,,,,,,,,114,,,,,,,,,,,,9,,,,,,,,,,,,7.666666667,,,,,,,,,,,,-7.828571429,,,,,,,,,,,,41.26666667,,,,,,,,,,,,7.066666667,,,,,,,,,,,,0,,,,,,,,,,,,0
DCA-IAH,DCA,IAH,149,1,0,148,36,36,36,36,309,13.72222222,3.432432432,15.05555556,13.19444444,0,8.583333333,,,,,,,,,149,,,,,,,,,,,,1,,,,,,,,,,,,13.72222222,,,,,,,,,,,,3.432432432,,,,,,,,,,,,15.05555556,,,,,,,,,,,,13.19444444,,,,,,,,,,,,0,,,,,,,,,,,,8.583333333,,,
DCA-IND,DCA,IND,62,1,0,61,6,6,6,6,27,22.83333333,3.68852459,17,24.33333333,0,4.5,,,,,,,,,,,,62,,,,,,,,,,,,1,,,,,,,,,,,,22.83333333,,,,,,,,,,,,3.68852459,,,,,,,,,,,,17,,,,,,,,,,,,24.33333333,,,,,,,,,,,,0,,,,,,,,,,,,4.5
DCA-JAX,DCA,JAX,62,1,0,61,13,13,13,13,0,25.23076923,4.114754098,24.53846154,4.307692308,0,0,,,62,,,,,,,,,,,,1,,,,,,,,,,,,25.23076923,,,,,,,,,,,,4.114754098,,,,,,,,,,,,24.53846154,,,,,,,,,,,,4.307692308,,,,,,,,,,,,0,,,,,,,,,,,,0,,,,,,,,,
DCA-JFK,DCA,JFK,185,26,0,159,71,71,71,71,352,9.408450704,27.58490566,27.61971831,25.08450704,0.647887324,4.957746479,31,,,,,,154,,,,,,2,,,,,,24,,,,,,6.85,,,,,,10.41176471,,,,,,36.62068966,,,,,,25.56923077,,,,,,24.55,,,,,,28.82352941,,,,,,21.15,,,,,,26.62745098,,,,,,0,,,,,,0.901960784,,,,,,0,,,,,,6.901960784,,,,,
DCA-LAS,DCA,LAS,31,1,0,30,1,1,1,1,7,0,-15.3,0,45,0,7,,,,,,,,,,31,,,,,,,,,,,,1,,,,,,,,,,,,0,,,,,,,,,,,,-15.3,,,,,,,,,,,,0,,,,,,,,,,,,45,,,,,,,,,,,,0,,,,,,,,,,,,7,,
DCA-LAX,DCA,LAX,93,0,0,93,14,14,14,14,484,6.785714286,-6.569892473,1.214285714,18.5,0,34.57142857,62,31,,,,,,,,,,,0,0,,,,,,,,,,,9.5,0,,,,,,,,,,,-8.370967742,-2.967741935,,,,,,,,,,,1.7,0,,,,,,,,,,,12.6,33.25,,,,,,,,,,,0,0,,,,,,,,,,,14.2,85.5,,,,,,,,,,
DCA-LGA,DCA,LGA,373,53,1,319,83,83,83,83,266,5.096385542,7.601880878,18.02409639,25.69879518,0,3.204819277,,,,,,,,,,373,,,,,,,,,,,,53,,,,,,,,,,,,5.096385542,,,,,,,,,,,,7.601880878,,,,,,,,,,,,18.02409639,,,,,,,,,,,,25.69879518,,,,,,,,,,,,0,,,,,,,,,,,,3.204819277,,
DCA-MCI,DCA,MCI,31,0,0,31,4,4,4,4,0,14.25,-5.096774194,20,9,0,0,,,,,,,,,,,,31,,,,,,,,,,,,0,,,,,,,,,,,,14.25,,,,,,,,,,,,-5.096774194,,,,,,,,,,,,20,,,,,,,,,,,,9,,,,,,,,,,,,0,,,,,,,,,,,,0
DCA-MCO,DCA,MCO,303,5,0,298,62,62,62,62,103,21.35483871,5.798657718,34.35483871,10.88709677,0,1.661290323,,,123,,,,,,,180,,,,,5,,,,,,,0,,,,,33.42307692,,,,,,,12.63888889,,,,,11.46610169,,,,,,,2.083333333,,,,,36.57692308,,,,,,,32.75,,,,,9.346153846,,,,,,,12,,,,,0,,,,,,,0,,,,,0,,,,,,,2.861111111,,
DCA-MDW,DCA,MDW,267,33,2,232,32,32,32,32,66,14.375,-5.607758621,22.15625,10.78125,0,2.0625,,,,,,,,,,,,267,,,,,,,,,,,,33,,,,,,,,,,,,14.375,,,,,,,,,,,,-5.607758621,,,,,,,,,,,,22.15625,,,,,,,,,,,,10.78125,,,,,,,,,,,,0,,,,,,,,,,,,2.0625
DCA-MIA,DCA,MIA,284,3,0,281,55,55,55,55,537,21.6,6.348754448,18.12727273,14.67272727,0,9.763636364,279,,,,,,,,,5,,,3,,,,,,,,,0,,,22.41509434,,,,,,,,,0,,,6.344202899,,,,,,,,,6.6,,,18.20754717,,,,,,,,,16,,,14.62264151,,,,,,,,,16,,,0,,,,,,,,,0,,,10.13207547,,,,,,,,,0,,
DCA-MKE,DCA,MKE,90,2,0,88,11,11,11,11,0,17.81818182,-4.931818182,18.54545455,6.454545455,0,0,,,,,,,,,,,,90,,,,,,,,,,,,2,,,,,,,,,,,,17.81818182,,,,,,,,,,,,-4.931818182,,,,,,,,,,,,18.54545455,,,,,,,,,,,,6.454545455,,,,,,,,,,,,0,,,,,,,,,,,,0
DCA-MSP,DCA,MSP,144,1,0,143,20,20,20,20,729,20.2,0.202797203,21,12.3,0,36.45,,,,144,,,,,,,,,,,,1,,,,,,,,,,,,20.2,,,,,,,,,,,,0.202797203,,,,,,,,,,,,21,,,,,,,,,,,,12.3,,,,,,,,,,,,0,,,,,,,,,,,,36.45,,,,,,,,
DCA-MSY,DCA,MSY,62,4,0,58,8,8,8,8,0,8.375,-4.189655172,19.625,11.5,0,0,,,,,,,,,,,,62,,,,,,,,,,,,4,,,,,,,,,,,,8.375,,,,,,,,,,,,-4.189655172,,,,,,,,,,,,19.625,,,,,,,,,,,,11.5,,,,,,,,,,,,0,,,,,,,,,,,,0
DCA-ORD,DCA,ORD,466,19,0,447,93,93,93,93,1291,5.677419355,9.718120805,37.33333333,25.61290323,0,13.88172043,267,,,,,,,106,93,,,,11,,,,,,,5,3,,,,2.3,,,,,,,6.7,10.2173913,,,,1.73046875,,,,,,,20.20792079,20.66666667,,,,42.1,,,,,,,32.83333333,34.91304348,,,,16.475,,,,,,,29.8,36.04347826,,,,0,,,,,,,0,0,,,,4.525,,,,,,,15.2,28.43478261,,,
DCA-PBI,DCA,PBI,100,2,0,98,15,15,15,15,6,12.86666667,2.683673469,16.6,36.4,0,0.4,,,35,,,,,,,65,,,,,0,,,,,,,2,,,,,12.16666667,,,,,,,13.33333333,,,,,4.257142857,,,,,,,1.80952381,,,,,23,,,,,,,12.33333333,,,,,39.33333333,,,,,,,34.44444444,,,,,0,,,,,,,0,,,,,0,,,,,,,0.666666667,,
DCA-PDX,DCA,PDX,31,0,0,31,4,4,4,4,5,0,-12.83870968,7.75,29.75,0,1.25,,31,,,,,,,,,,,,0,,,,,,,,,,,,0,,,,,,,,,,,,-12.83870968,,,,,,,,,,,,7.75,,,,,,,,,,,,29.75,,,,,,,,,,,,0,,,,,,,,,,,,1.25,,,,,,,,,,
DCA-PHL,DCA,PHL,32,2,1,29,6,6,6,6,0,4.333333333,0.827586207,45.16666667,22.33333333,0,0,,,,,,,,,,32,,,,,,,,,,,,2,,,,,,,,,,,,4.333333333,,,,,,,,,,,,0.827586207,,,,,,,,,,,,45.16666667,,,,,,,,,,,,22.33333333,,,,,,,,,,,,0,,,,,,,,,,,,0,,
DCA-PHX,DCA,PHX,89,0,0,89,12,12,12,12,36,15.33333333,-1.516853933,11.66666667,15.16666667,0,3,,,,,,,,,,89,,,,,,,,,,,,0,,,,,,,,,,,,15.33333333,,,,,,,,,,,,-1.516853933,,,,,,,,,,,,11.66666667,,,,,,,,,,,,15.16666667,,,,,,,,,,,,0,,,,,,,,,,,,3,,
DCA-PIT,DCA,PIT,1,0,0,1,1,1,1,1,0,17,87,70,0,0,0,,,,,,,,,,1,,,,,,,,,,,,0,,,,,,,,,,,,17,,,,,,,,,,,,87,,,,,,,,,,,,70,,,,,,,,,,,,0,,,,,,,,,,,,0,,,,,,,,,,,,0,,
DCA-RSW,DCA,RSW,122,5,0,117,18,18,18,18,48,27.94444444,3.709401709,40.72222222,13.55555556,0,2.666666667,,,35,,,,,,,56,,31,,,2,,,,,,,2,,1,,,42,,,,,,,6.555555556,,108,,,9.060606061,,,,,,,7.759259259,,-9.466666667,,,19.625,,,,,,,64,,0,,,10,,,,,,,18.22222222,,0,,,0,,,,,,,0,,0,,,0,,,,,,,5.333333333,,0
DCA-SEA,DCA,SEA,58,0,0,58,8,8,8,8,109,0,-10.53448276,4.875,36.5,0,13.625,,58,,,,,,,,,,,,0,,,,,,,,,,,,0,,,,,,,,,,,,-10.53448276,,,,,,,,,,,,4.875,,,,,,,,,,,,36.5,,,,,,,,,,,,0,,,,,,,,,,,,13.625,,,,,,,,,,
DCA-SFO,DCA,SFO,62,0,0,62,6,6,6,6,105,21.5,-8.677419355,0,11.33333333,0,17.5,,,,,,,,,31,,31,,,,,,,,,,0,,0,,,,,,,,,,25.8,,0,,,,,,,,,,-2.290322581,,-15.06451613,,,,,,,,,,0,,0,,,,,,,,,,5,,43,,,,,,,,,,0,,0,,,,,,,,,,21,,0,
DCA-SJU,DCA,SJU,31,1,0,30,5,5,5,5,0,39.8,5.433333333,5.4,28.2,0,0,,,31,,,,,,,,,,,,1,,,,,,,,,,,,39.8,,,,,,,,,,,,5.433333333,,,,,,,,,,,,5.4,,,,,,,,,,,,28.2,,,,,,,,,,,,0,,,,,,,,,,,,0,,,,,,,,,
DCA-SLC,DCA,SLC,56,0,0,56,5,5,5,5,266,22,-3.178571429,33,7.2,0,53.2,,,,56,,,,,,,,,,,,0,,,,,,,,,,,,22,,,,,,,,,,,,-3.178571429,,,,,,,,,,,,33,,,,,,,,,,,,7.2,,,,,,,,,,,,0,,,,,,,,,,,,53.2,,,,,,,,
DCA-STL,DCA,STL,88,3,0,85,7,7,7,7,16,0.142857143,-6.670588235,34.28571429,12.85714286,0,2.285714286,,,,,,,,,,,,88,,,,,,,,,,,,3,,,,,,,,,,,,0.142857143,,,,,,,,,,,,-6.670588235,,,,,,,,,,,,34.28571429,,,,,,,,,,,,12.85714286,,,,,,,,,,,,0,,,,,,,,,,,,2.285714286
DCA-TPA,DCA,TPA,243,7,0,236,31,31,31,31,45,22.77419355,-3.347457627,15.83870968,11.87096774,0,1.451612903,,,67,,,,,,,114,,62,,,2,,,,,,,5,,0,,,19.92307692,,,,,,,34.7,,12.5,,,0.676923077,,,,,,,-4.137614679,,-6.177419355,,,15.61538462,,,,,,,12.5,,20.375,,,14.07692308,,,,,,,12.5,,7.5,,,0,,,,,,,0,,0,,,0,,,,,,,3.4,,1.375
DEN-DCA,DEN,DCA,122,0,0,122,31,31,31,31,8,12.09677419,11.68032787,17.16129032,25.06451613,0,0.258064516,,,,,,91,,,31,,,,,,,,,0,,,0,,,,,,,,,12.625,,,10.28571429,,,,,,,,,14.3956044,,,3.709677419,,,,,,,,,22.08333333,,,0.285714286,,,,,,,,,27.75,,,15.85714286,,,,,,,,,0,,,0,,,,,,,,,0,,,1.142857143,,,
DEN-IAD,DEN,IAD,305,4,1,300,92,92,92,92,194,21.16304348,12.05,19.64130435,6.489130435,0.380434783,2.108695652,,,,,,,,,220,,,85,,,,,,,,,4,,,0,,,,,,,,,24.51470588,,,11.66666667,,,,,,,,,12.02314815,,,12.11904762,,,,,,,,,14.57352941,,,34,,,,,,,,,6.544117647,,,6.333333333,,,,,,,,,0,,,1.458333333,,,,,,,,,2.852941176,,,0
DEN-PHF,DEN,PHF,3,0,0,3,1,1,1,1,0,0,-5.333333333,8,9,0,0,,,,,,3,,,,,,,,,,,,0,,,,,,,,,,,,0,,,,,,,,,,,,-5.333333333,,,,,,,,,,,,8,,,,,,,,,,,,9,,,,,,,,,,,,0,,,,,,,,,,,,0,,,,,,
DFW-DCA,DFW,DCA,291,5,2,284,50,50,50,50,23,18.34,6.767605634,14.74,14.56,0,0.46,291,,,,,,,,,,,,5,,,,,,,,,,,,18.34,,,,,,,,,,,,6.767605634,,,,,,,,,,,,14.74,,,,,,,,,,,,14.56,,,,,,,,,,,,0,,,,,,,,,,,,0.46,,,,,,,,,,,
DFW-IAD,DFW,IAD,91,1,0,90,18,18,18,18,3,12.27777778,6.733333333,27,3.944444444,0,0.166666667,91,,,,,,,,,,,,1,,,,,,,,,,,,12.27777778,,,,,,,,,,,,6.733333333,,,,,,,,,,,,27,,,,,,,,,,,,3.944444444,,,,,,,,,,,,0,,,,,,,,,,,,0.166666667,,,,,,,,,,,
DFW-ORF,DFW,ORF,57,0,0,57,16,16,16,16,10,21.8125,10.36842105,10.3125,7.1875,1.4375,0.625,57,,,,,,,,,,,,0,,,,,,,,,,,,21.8125,,,,,,,,,,,,10.36842105,,,,,,,,,,,,10.3125,,,,,,,,,,,,7.1875,,,,,,,,,,,,1.4375,,,,,,,,,,,,0.625,,,,,,,,,,,
DFW-RIC,DFW,RIC,63,1,0,62,13,13,13,13,4,15,7.951612903,29.84615385,2.384615385,0,0.307692308,63,,,,,,,,,,,,1,,,,,,,,,,,,15,,,,,,,,,,,,7.951612903,,,,,,,,,,,,29.84615385,,,,,,,,,,,,2.384615385,,,,,,,,,,,,0,,,,,,,,,,,,0.307692308,,,,,,,,,,,
DTW-DCA,DTW,DCA,165,1,0,164,24,24,24,24,235,18.83333333,-2.347560976,10.33333333,17.75,0,9.791666667,,,,140,25,,,,,,,,,,,0,1,,,,,,,,,,,20.84210526,11.2,,,,,,,,,,,-2.921428571,1,,,,,,,,,,,9.894736842,12,,,,,,,,,,,18,16.8,,,,,,,,,,,0,0,,,,,,,,,,,12.36842105,0,,,,,,,
DTW-IAD,DTW,IAD,38,0,0,38,16,16,16,16,7,7.5625,16.97368421,36,5.875,0,0.4375,,,,1,17,2,,18,,,,,,,,0,0,0,,0,,,,,,,,51,2.222222222,0,,10,,,,,,,,53,26.82352941,6.5,,6.833333333,,,,,,,,0,46.88888889,0,,30.8,,,,,,,,2,4.777777778,17,,6.4,,,,,,,,0,0,0,,0,,,,,,,,0,0,7,,0,,,,
DTW-ORF,DTW,ORF,18,0,0,18,6,6,6,6,0,27.83333333,13.16666667,22.5,11.5,0,0,,,,2,16,,,,,,,,,,,0,0,,,,,,,,,,,,27.83333333,,,,,,,,,,,-19.5,17.25,,,,,,,,,,,,22.5,,,,,,,,,,,,11.5,,,,,,,,,,,,0,,,,,,,,,,,,0,,,,,,,
DTW-RIC,DTW,RIC,54,2,0,52,13,13,13,13,0,21,6.807692308,14.53846154,21.61538462,0,0,,,,,54,,,,,,,,,,,,2,,,,,,,,,,,,21,,,,,,,,,,,,6.807692308,,,,,,,,,,,,14.53846154,,,,,,,,,,,,21.61538462,,,,,,,,,,,,0,,,,,,,,,,,,0,,,,,,,
EWR-DCA,EWR,DCA,136,16,0,120,38,38,38,38,0,11.05263158,9.2,11.36842105,17.5,0,0,,,,,136,,,,,,,,,,,,16,,,,,,,,,,,,11.05263158,,,,,,,,,,,,9.2,,,,,,,,,,,,11.36842105,,,,,,,,,,,,17.5,,,,,,,,,,,,0,,,,,,,,,,,,0,,,,,,,
EWR-IAD,EWR,IAD,109,10,0,99,35,35,35,35,103,14.34285714,16.52525253,16.6,17.6,0,2.942857143,,,,,109,,,,,,,,,,,,10,,,,,,,,,,,,14.34285714,,,,,,,,,,,,16.52525253,,,,,,,,,,,,16.6,,,,,,,,,,,,17.6,,,,,,,,,,,,0,,,,,,,,,,,,2.942857143,,,,,,,
EWR-ORF,EWR,ORF,51,5,0,46,8,8,8,8,0,45,5.782608696,4.625,19.625,0,0,,,,,51,,,,,,,,,,,,5,,,,,,,,,,,,45,,,,,,,,,,,,5.782608696,,,,,,,,,,,,4.625,,,,,,,,,,,,19.625,,,,,,,,,,,,0,,,,,,,,,,,,0,,,,,,,
EWR-RIC,EWR,RIC,87,9,0,78,26,26,26,26,0,34.34615385,17.30769231,25.23076923,5.192307692,0,0,,,,,87,,,,,,,,,,,,9,,,,,,,,,,,,34.34615385,,,,,,,,,,,,17.30769231,,,,,,,,,,,,25.23076923,,,,,,,,,,,,5.192307692,,,,,,,,,,,,0,,,,,,,,,,,,0,,,,,,,
FLL-DCA,FLL,DCA,214,5,1,208,36,36,36,36,0,27.30555556,4.932692308,15.05555556,13.72222222,2.027777778,0,,,119,,,,,,,95,,,,,4,,,,,,,1,,,,,26.09090909,,,,,,,29.21428571,,,,,6.365217391,,,,,,,3.161290323,,,,,14.90909091,,,,,,,15.28571429,,,,,9.090909091,,,,,,,21,,,,,3.318181818,,,,,,,0,,,,,0,,,,,,,0,,
FLL-IAD,FLL,IAD,23,0,0,23,9,9,9,9,0,18.66666667,30.91304348,41.11111111,24.44444444,0,0,,,,,,23,,,,,,,,,,,,0,,,,,,,,,,,,18.66666667,,,,,,,,,,,,30.91304348,,,,,,,,,,,,41.11111111,,,,,,,,,,,,24.44444444,,,,,,,,,,,,0,,,,,,,,,,,,0,,,,,,
FLL-RIC,FLL,RIC,31,1,0,30,9,9,9,9,140,24.55555556,13.33333333,11.88888889,0.444444444,1.777777778,15.55555556,,,31,,,,,,,,,,,,1,,,,,,,,,,,,24.55555556,,,,,,,,,,,,13.33333333,,,,,,,,,,,,11.88888889,,,,,,,,,,,,0.444444444,,,,,,,,,,,,1.777777778,,,,,,,,,,,,15.55555556,,,,,,,,,
GSO-IAD,GSO,IAD,44,1,0,43,8,8,8,8,0,0.875,1.139534884,34.375,7.875,0,0,,,,,44,,,,,,,,,,,,1,,,,,,,,,,,,0.875,,,,,,,,,,,,1.139534884,,,,,,,,,,,,34.375,,,,,,,,,,,,7.875,,,,,,,,,,,,0,,,,,,,,,,,,0,,,,,,,
GSO-ROA,GSO,ROA,1,1,0,,,,,,,,,,,,,,,,,1,,,,,,,,,,,,1,,,,,,,,,,,,,,,,,,,,,,,,,,,,,,,,,,,,,,,,,,,,,,,,,,,,,,,,,,,,,,,,,,,,,,,,,,,,,,,
GSP-IAD,GSP,IAD,6,0,0,6,1,1,1,1,0,0,1.333333333,0,22,0,0,,,,,6,,,,,,,,,,,,0,,,,,,,,,,,,0,,,,,,,,,,,,1.333333333,,,,,,,,,,,,0,,,,,,,,,,,,22,,,,,,,,,,,,0,,,,,,,,,,,,0,,,,,,,
HDN-IAD,HDN,IAD,2,0,0,2,1,1,1,1,69,0,28.5,0,16,0,69,,,,,,,,,2,,,,,,,,,,,,0,,,,,,,,,,,,0,,,,,,,,,,,,28.5,,,,,,,,,,,,0,,,,,,,,,,,,16,,,,,,,,,,,,0,,,,,,,,,,,,69,,,
HNL-IAD,HNL,IAD,9,0,0,9,1,1,1,1,0,0,-2.444444444,41,4,0,0,,,,,,,,,9,,,,,,,,,,,,0,,,,,,,,,,,,0,,,,,,,,,,,,-2.444444444,,,,,,,,,,,,41,,,,,,,,,,,,4,,,,,,,,,,,,0,,,,,,,,,,,,0,,,
HOU-DCA,HOU,DCA,115,5,0,110,19,19,19,19,0,9.157894737,2.336363636,27.05263158,5.578947368,0,0,,,,,,,,,,,,115,,,,,,,,,,,,5,,,,,,,,,,,,9.157894737,,,,,,,,,,,,2.336363636,,,,,,,,,,,,27.05263158,,,,,,,,,,,,5.578947368,,,,,,,,,,,,0,,,,,,,,,,,,0
HSV-IAD,HSV,IAD,2,0,0,2,1,1,1,1,0,0,8,14,1,0,0,,,,,2,,,,,,,,,,,,0,,,,,,,,,,,,0,,,,,,,,,,,,8,,,,,,,,,,,,14,,,,,,,,,,,,1,,,,,,,,,,,,0,,,,,,,,,,,,0,,,,,,,
IAD-ATL,IAD,ATL,299,2,0,297,63,63,63,63,17,46.01587302,8.151515152,11.04761905,20.98412698,0,0.26984127,,,,183,91,25,,,,,,,,,,0,2,0,,,,,,,,,,73.88235294,31.51351351,53,,,,,,,,,,-2.491803279,25.42696629,24.56,,,,,,,,,,8.588235294,13.40540541,6,,,,,,,,,,21.47058824,22.48648649,13.88888889,,,,,,,,,,0,0,0,,,,,,,,,,0.529411765,0,0.888888889,,,,,,
IAD-BDL,IAD,BDL,80,5,0,75,26,26,26,26,198,36.38461538,21.37333333,17.23076923,13.38461538,0,7.615384615,,,,,80,,,,,,,,,,,,5,,,,,,,,,,,,36.38461538,,,,,,,,,,,,21.37333333,,,,,,,,,,,,17.23076923,,,,,,,,,,,,13.38461538,,,,,,,,,,,,0,,,,,,,,,,,,7.615384615,,,,,,,
IAD-BNA,IAD,BNA,21,1,0,20,10,10,10,10,0,15.8,25.5,7,28.1,0,0,,,,,21,,,,,,,,,,,,1,,,,,,,,,,,,15.8,,,,,,,,,,,,25.5,,,,,,,,,,,,7,,,,,,,,,,,,28.1,,,,,,,,,,,,0,,,,,,,,,,,,0,,,,,,,
IAD-BOS,IAD,BOS,125,7,0,118,28,28,28,28,30,20.28571429,8.440677966,26.57142857,12.53571429,0,1.071428571,,,81,,,,,,44,,,,,,6,,,,,,1,,,,,,14.10526316,,,,,,33.33333333,,,,,,10.34666667,,,,,,5.11627907,,,,,,34.15789474,,,,,,10.55555556,,,,,,15,,,,,,7.333333333,,,,,,0,,,,,,0,,,,,,0,,,,,,3.333333333,,,
IAD-BTV,IAD,BTV,6,0,0,6,2,2,2,2,43,0,21.5,31,33.5,0,21.5,,,,,6,,,,,,,,,,,,0,,,,,,,,,,,,0,,,,,,,,,,,,21.5,,,,,,,,,,,,31,,,,,,,,,,,,33.5,,,,,,,,,,,,0,,,,,,,,,,,,21.5,,,,,,,
IAD-BUF,IAD,BUF,27,1,0,26,5,5,5,5,47,34.4,11.5,1.6,34,0,9.4,,,,,27,,,,,,,,,,,,1,,,,,,,,,,,,34.4,,,,,,,,,,,,11.5,,,,,,,,,,,,1.6,,,,,,,,,,,,34,,,,,,,,,,,,0,,,,,,,,,,,,9.4,,,,,,,
IAD-CAE,IAD,CAE,85,1,0,84,25,25,25,25,0,27.48,20.94047619,44.52,12.84,0,0,,,,,85,,,,,,,,,,,,1,,,,,,,,,,,,27.48,,,,,,,,,,,,20.94047619,,,,,,,,,,,,44.52,,,,,,,,,,,,12.84,,,,,,,,,,,,0,,,,,,,,,,,,0,,,,,,,
IAD-CHS,IAD,CHS,4,0,0,4,3,3,3,3,0,19.66666667,32.75,19.66666667,3.333333333,0,0,,,,,4,,,,,,,,,,,,0,,,,,,,,,,,,19.66666667,,,,,,,,,,,,32.75,,,,,,,,,,,,19.66666667,,,,,,,,,,,,3.333333333,,,,,,,,,,,,0,,,,,,,,,,,,0,,,,,,,
IAD-CLE,IAD,CLE,72,1,1,70,20,20,20,20,7,11,11.65714286,12.55,21.05,0,0.35,,,,,72,,,,,,,,,,,,1,,,,,,,,,,,,11,,,,,,,,,,,,11.65714286,,,,,,,,,,,,12.55,,,,,,,,,,,,21.05,,,,,,,,,,,,0,,,,,,,,,,,,0.35,,,,,,,
IAD-CLT,IAD,CLT,4,0,0,4,1,1,1,1,0,11,9.75,38,12,0,0,,,,,1,3,,,,,,,,,,,0,0,,,,,,,,,,,,11,,,,,,,,,,,-8,15.66666667,,,,,,,,,,,,38,,,,,,,,,,,,12,,,,,,,,,,,,0,,,,,,,,,,,,0,,,,,,
IAD-CMH,IAD,CMH,27,2,0,25,8,8,8,8,0,33.5,21.12,12.375,21.125,0,0,,,,,27,,,,,,,,,,,,2,,,,,,,,,,,,33.5,,,,,,,,,,,,21.12,,,,,,,,,,,,12.375,,,,,,,,,,,,21.125,,,,,,,,,,,,0,,,,,,,,,,,,0,,,,,,,
IAD-CVG,IAD,CVG,6,0,0,6,1,1,1,1,0,0,12,68,0,0,0,,,,,2,4,,,,,,,,,,,0,0,,,,,,,,,,,0,,,,,,,,,,,,38,-1,,,,,,,,,,,68,,,,,,,,,,,,0,,,,,,,,,,,,0,,,,,,,,,,,,0,,,,,,,
IAD-DAY,IAD,DAY,1,0,0,1,1,1,1,1,0,68,68,0,0,0,0,,,,,1,,,,,,,,,,,,0,,,,,,,,,,,,68,,,,,,,,,,,,68,,,,,,,,,,,,0,,,,,,,,,,,,0,,,,,,,,,,,,0,,,,,,,,,,,,0,,,,,,,
IAD-DEN,IAD,DEN,286,2,0,284,73,73,73,73,271,33.19178082,11.1971831,18.4109589,14.93150685,0,3.712328767,,,,,,,,,201,,,85,,,,,,,,,2,,,0,,,,,,,,,27.68852459,,,61.16666667,,,,,,,,,15.34673367,,,1.482352941,,,,,,,,,14.95081967,,,36,,,,,,,,,15.6557377,,,11.25,,,,,,,,,0,,,0,,,,,,,,,4.442622951,,,0
IAD-DFW,IAD,DFW,91,0,0,91,22,22,22,22,0,8,-2.494505495,7.227272727,15.86363636,0,0,91,,,,,,,,,,,,0,,,,,,,,,,,,8,,,,,,,,,,,,-2.494505495,,,,,,,,,,,,7.227272727,,,,,,,,,,,,15.86363636,,,,,,,,,,,,0,,,,,,,,,,,,0,,,,,,,,,,,
IAD-DTW,IAD,DTW,37,0,0,37,9,9,9,9,0,21.55555556,11.59459459,34.11111111,12.77777778,0,0,,,,1,16,2,,18,,,,,,,,0,0,0,,0,,,,,,,,,45.25,,,2.6,,,,,,,,-10,17.75,-5,,9.166666667,,,,,,,,,21.75,,,44,,,,,,,,,25.5,,,2.6,,,,,,,,,0,,,0,,,,,,,,,0,,,0,,,,
IAD-EWR,IAD,EWR,115,8,0,107,38,38,38,38,0,10.55263158,18.57009346,13.07894737,40.02631579,0,0,,,,,114,,,,1,,,,,,,,8,,,,0,,,,,,,,10.83783784,,,,0,,,,,,,,18.10377358,,,,68,,,,,,,,11.59459459,,,,68,,,,,,,,41.10810811,,,,0,,,,,,,,0,,,,0,,,,,,,,0,,,,0,,,
IAD-FLL,IAD,FLL,23,0,0,23,9,9,9,9,0,6.666666667,20.08695652,21.33333333,41.11111111,0,0,,,,,,23,,,,,,,,,,,,0,,,,,,,,,,,,6.666666667,,,,,,,,,,,,20.08695652,,,,,,,,,,,,21.33333333,,,,,,,,,,,,41.11111111,,,,,,,,,,,,0,,,,,,,,,,,,0,,,,,,
IAD-GRR,IAD,GRR,4,0,0,4,2,2,2,2,0,13,32,33,12,0,0,,,,,4,,,,,,,,,,,,0,,,,,,,,,,,,13,,,,,,,,,,,,32,,,,,,,,,,,,33,,,,,,,,,,,,12,,,,,,,,,,,,0,,,,,,,,,,,,0,,,,,,,
IAD-GSO,IAD,GSO,46,2,0,44,14,14,14,14,0,6.357142857,13.20454545,18.07142857,26.35714286,0,0,,,,,46,,,,,,,,,,,,2,,,,,,,,,,,,6.357142857,,,,,,,,,,,,13.20454545,,,,,,,,,,,,18.07142857,,,,,,,,,,,,26.35714286,,,,,,,,,,,,0,,,,,,,,,,,,0,,,,,,,
IAD-GSP,IAD,GSP,6,0,0,6,1,1,1,1,0,0,-2.166666667,17,0,0,0,,,,,6,,,,,,,,,,,,0,,,,,,,,,,,,0,,,,,,,,,,,,-2.166666667,,,,,,,,,,,,17,,,,,,,,,,,,0,,,,,,,,,,,,0,,,,,,,,,,,,0,,,,,,,
IAD-HDN,IAD,HDN,2,0,0,2,,,,,,,-6,,,,,,,,,,,,,2,,,,,,,,,,,,0,,,,,,,,,,,,,,,,,,,,,,,,-6,,,,,,,,,,,,,,,,,,,,,,,,,,,,,,,,,,,,,,,,,,,,,,,,,,,
IAD-HNL,IAD,HNL,8,0,0,8,3,3,3,3,0,18,16.75,27,8.333333333,0,0,,,,,,,,,8,,,,,,,,,,,,0,,,,,,,,,,,,18,,,,,,,,,,,,16.75,,,,,,,,,,,,27,,,,,,,,,,,,8.333333333,,,,,,,,,,,,0,,,,,,,,,,,,0,,,
IAD-HSV,IAD,HSV,2,0,0,2,2,2,2,2,0,0,22,14,8,0,0,,,,,2,,,,,,,,,,,,0,,,,,,,,,,,,0,,,,,,,,,,,,22,,,,,,,,,,,,14,,,,,,,,,,,,8,,,,,,,,,,,,0,,,,,,,,,,,,0,,,,,,,
IAD-IAH,IAD,IAH,143,3,2,138,35,35,35,35,114,25.51428571,5.050724638,4.371428571,17.37142857,0,3.257142857,,,,,32,,,1,110,,,,,,,,1,,,0,2,,,,,,,,41.25,,,,20.85185185,,,,,,,,8.137931034,,,-7,4.333333333,,,,,,,,12,,,,2.111111111,,,,,,,,12.5,,,,18.81481481,,,,,,,,0,,,,0,,,,,,,,0,,,,4.222222222,,,
IAD-IND,IAD,IND,20,0,0,20,4,4,4,4,0,52.5,11.8,12.75,2,0,0,,,,,20,,,,,,,,,,,,0,,,,,,,,,,,,52.5,,,,,,,,,,,,11.8,,,,,,,,,,,,12.75,,,,,,,,,,,,2,,,,,,,,,,,,0,,,,,,,,,,,,0,,,,,,,
IAD-JAC,IAD,JAC,1,0,0,1,,,,,,,8,,,,,,,,,,,,,1,,,,,,,,,,,,0,,,,,,,,,,,,,,,,,,,,,,,,8,,,,,,,,,,,,,,,,,,,,,,,,,,,,,,,,,,,,,,,,,,,,,,,,,,,
IAD-JAX,IAD,JAX,12,0,0,12,6,6,6,6,0,2.5,35.16666667,50.83333333,12.33333333,0,0,,,,,12,,,,,,,,,,,,0,,,,,,,,,,,,2.5,,,,,,,,,,,,35.16666667,,,,,,,,,,,,50.83333333,,,,,,,,,,,,12.33333333,,,,,,,,,,,,0,,,,,,,,,,,,0,,,,,,,
IAD-JFK,IAD,JFK,88,6,0,82,24,24,24,24,0,10.66666667,12.48780488,15.95833333,31.08333333,0,0,,,88,,,,,,,,,,,,6,,,,,,,,,,,,10.66666667,,,,,,,,,,,,12.48780488,,,,,,,,,,,,15.95833333,,,,,,,,,,,,31.08333333,,,,,,,,,,,,0,,,,,,,,,,,,0,,,,,,,,,
IAD-LAS,IAD,LAS,118,1,0,117,27,27,27,27,56,18.2962963,3.623931624,26.44444444,11.81481481,0,2.074074074,,,,,,29,,,58,,,31,,,,,,1,,,0,,,0,,,,,,28.13333333,,,8.571428571,,,2.4,,,,,,33.64285714,,,-9,,,0.129032258,,,,,,20.26666667,,,14.85714286,,,61.2,,,,,,15.13333333,,,7.857142857,,,7.4,,,,,,0,,,0,,,0,,,,,,0,,,8,,,0
IAD-LAX,IAD,LAX,301,3,0,298,62,62,62,62,158,21.09677419,0.194630872,24.24193548,11.46774194,0,2.548387097,58,,,,,,,,187,,56,,0,,,,,,,,3,,0,,16.76923077,,,,,,,,24.25581395,,7.833333333,,-5.965517241,,,,,,,,5.211956522,,-9.910714286,,8.461538462,,,,,,,,32,,2.833333333,,11.30769231,,,,,,,,12.27906977,,6,,0,,,,,,,,0,,0,,0,,,,,,,,1.418604651,,16.16666667,
IAD-LGA,IAD,LGA,104,12,2,90,30,30,30,30,7,2.166666667,17.78888889,36.96666667,34,0,0.233333333,,,,,104,,,,,,,,,,,,12,,,,,,,,,,,,2.166666667,,,,,,,,,,,,17.78888889,,,,,,,,,,,,36.96666667,,,,,,,,,,,,34,,,,,,,,,,,,0,,,,,,,,,,,,0.233333333,,,,,,,
IAD-MCI,IAD,MCI,4,0,0,4,3,3,3,3,0,12,29.75,19.66666667,7.333333333,0,0,,,,,4,,,,,,,,,,,,0,,,,,,,,,,,,12,,,,,,,,,,,,29.75,,,,,,,,,,,,19.66666667,,,,,,,,,,,,7.333333333,,,,,,,,,,,,0,,,,,,,,,,,,0,,,,,,,
IAD-MCO,IAD,MCO,164,1,0,163,43,43,43,43,49,21.62790698,8.90797546,9.395348837,19.55813953,0,1.139534884,,,,,,40,,,124,,,,,,,,,0,,,1,,,,,,,,,25.17647059,,,19.30769231,,,,,,,,,22.725,,,4.414634146,,,,,,,,,12.82352941,,,7.153846154,,,,,,,,,22.52941176,,,17.61538462,,,,,,,,,0,,,0,,,,,,,,,0,,,1.884615385,,,
IAD-MDW,IAD,MDW,62,1,0,61,8,8,8,8,0,23,-1.573770492,24.5,11.5,0,0,,,,,,,,,,,,62,,,,,,,,,,,,1,,,,,,,,,,,,23,,,,,,,,,,,,-1.573770492,,,,,,,,,,,,24.5,,,,,,,,,,,,11.5,,,,,,,,,,,,0,,,,,,,,,,,,0
IAD-MEM,IAD,MEM,3,0,0,3,1,1,1,1,0,21,6,0,0,0,0,,,,,,3,,,,,,,,,,,,0,,,,,,,,,,,,21,,,,,,,,,,,,6,,,,,,,,,,,,0,,,,,,,,,,,,0,,,,,,,,,,,,0,,,,,,,,,,,,0,,,,,,
IAD-MIA,IAD,MIA,72,0,0,72,31,31,31,31,0,7.290322581,21.61111111,27.09677419,20.5483871,0,0,62,,,,,10,,,,,,,0,,,,,0,,,,,,,7.428571429,,,,,6,,,,,,,23.4516129,,,,,10.2,,,,,,,30,,,,,0,,,,,,,18.46428571,,,,,40,,,,,,,0,,,,,0,,,,,,,0,,,,,0,,,,,,
IAD-MSP,IAD,MSP,35,1,0,34,7,7,7,7,0,64.85714286,10.26470588,0,31.42857143,0,0,,,,,32,3,,,,,,,,,,,1,0,,,,,,,,,,,75.66666667,0,,,,,,,,,,,10.5483871,7.333333333,,,,,,,,,,,0,0,,,,,,,,,,,29,46,,,,,,,,,,,0,0,,,,,,,,,,,0,0,,,,,,
IAD-OKC,IAD,OKC,5,1,0,4,3,3,3,3,0,29,49.25,0,32.33333333,0,0,,,,,5,,,,,,,,,,,,1,,,,,,,,,,,,29,,,,,,,,,,,,49.25,,,,,,,,,,,,0,,,,,,,,,,,,32.33333333,,,,,,,,,,,,0,,,,,,,,,,,,0,,,,,,,
IAD-ORD,IAD,ORD,144,3,0,141,47,47,47,47,75,40.31914894,22.09929078,17.68085106,23.27659574,0,1.595744681,,,,,1,19,,,124,,,,,,,,0,0,,,3,,,,,,,,,111.5714286,,,27.85,,,,,,,,-1,46.57894737,,,18.44628099,,,,,,,,,15,,,18.15,,,,,,,,,8.571428571,,,25.85,,,,,,,,,0,,,0,,,,,,,,,0,,,1.875,,,
IAD-ORF,IAD,ORF,47,0,0,47,11,11,11,11,79,13.18181818,8,7.909090909,20,0,7.181818182,,,,,47,,,,,,,,,,,,0,,,,,,,,,,,,13.18181818,,,,,,,,,,,,8,,,,,,,,,,,,7.909090909,,,,,,,,,,,,20,,,,,,,,,,,,0,,,,,,,,,,,,7.181818182,,,,,,,
IAD-PBI,IAD,PBI,17,0,0,17,4,4,4,4,0,58.75,7.647058824,2,5.5,0,0,,,,,,17,,,,,,,,,,,,0,,,,,,,,,,,,58.75,,,,,,,,,,,,7.647058824,,,,,,,,,,,,2,,,,,,,,,,,,5.5,,,,,,,,,,,,0,,,,,,,,,,,,0,,,,,,
IAD-PDX,IAD,PDX,5,0,0,5,3,3,3,3,0,21.33333333,23.8,1.333333333,14.66666667,0,0,,,,,,,,,5,,,,,,,,,,,,0,,,,,,,,,,,,21.33333333,,,,,,,,,,,,23.8,,,,,,,,,,,,1.333333333,,,,,,,,,,,,14.66666667,,,,,,,,,,,,0,,,,,,,,,,,,0,,,
IAD-PHX,IAD,PHX,31,0,0,31,3,3,3,3,0,15.66666667,-1.483870968,46.66666667,16.33333333,0,0,,,,,,,,,31,,,,,,,,,,,,0,,,,,,,,,,,,15.66666667,,,,,,,,,,,,-1.483870968,,,,,,,,,,,,46.66666667,,,,,,,,,,,,16.33333333,,,,,,,,,,,,0,,,,,,,,,,,,0,,,
IAD-PIT,IAD,PIT,114,4,0,110,31,31,31,31,114,20.25806452,18.20909091,27.64516129,23.58064516,0,3.677419355,,,,,114,,,,,,,,,,,,4,,,,,,,,,,,,20.25806452,,,,,,,,,,,,18.20909091,,,,,,,,,,,,27.64516129,,,,,,,,,,,,23.58064516,,,,,,,,,,,,0,,,,,,,,,,,,3.677419355,,,,,,,
IAD-PVD,IAD,PVD,61,4,0,57,24,24,24,24,0,12.70833333,20.73684211,24.70833333,20.58333333,0,0,,,,,61,,,,,,,,,,,,4,,,,,,,,,,,,12.70833333,,,,,,,,,,,,20.73684211,,,,,,,,,,,,24.70833333,,,,,,,,,,,,20.58333333,,,,,,,,,,,,0,,,,,,,,,,,,0,,,,,,,
IAD-RDU,IAD,RDU,6,0,0,6,1,1,1,1,0,0,5.166666667,0,24,0,0,,,,,6,,,,,,,,,,,,0,,,,,,,,,,,,0,,,,,,,,,,,,5.166666667,,,,,,,,,,,,0,,,,,,,,,,,,24,,,,,,,,,,,,0,,,,,,,,,,,,0,,,,,,,
IAD-RIC,IAD,RIC,25,0,0,25,7,7,7,7,0,1.571428571,8.2,25.85714286,16.28571429,0,0,,,,,25,,,,,,,,,,,,0,,,,,,,,,,,,1.571428571,,,,,,,,,,,,8.2,,,,,,,,,,,,25.85714286,,,,,,,,,,,,16.28571429,,,,,,,,,,,,0,,,,,,,,,,,,0,,,,,,,
IAD-ROA,IAD,ROA,4,0,0,4,2,2,2,2,0,49.5,44.75,4.5,49,0,0,,,,,4,,,,,,,,,,,,0,,,,,,,,,,,,49.5,,,,,,,,,,,,44.75,,,,,,,,,,,,4.5,,,,,,,,,,,,49,,,,,,,,,,,,0,,,,,,,,,,,,0,,,,,,,
IAD-ROC,IAD,ROC,50,0,0,50,17,17,17,17,0,33.64705882,21.98,8.058823529,33.58823529,0,0,,,,,50,,,,,,,,,,,,0,,,,,,,,,,,,33.64705882,,,,,,,,,,,,21.98,,,,,,,,,,,,8.058823529,,,,,,,,,,,,33.58823529,,,,,,,,,,,,0,,,,,,,,,,,,0,,,,,,,
IAD-RSW,IAD,RSW,26,0,0,26,6,6,6,6,0,17.16666667,18.69230769,98.5,15.66666667,0,0,,,,,,26,,,,,,,,,,,,0,,,,,,,,,,,,17.16666667,,,,,,,,,,,,18.69230769,,,,,,,,,,,,98.5,,,,,,,,,,,,15.66666667,,,,,,,,,,,,0,,,,,,,,,,,,0,,,,,,
IAD-SAN,IAD,SAN,85,0,0,85,11,11,11,11,42,10.09090909,-3.070588235,32.54545455,5.818181818,0.818181818,3.818181818,,,,,,,,,58,,,27,,,,,,,,,0,,,0,,,,,,,,,22,,,5.625,,,,,,,,,-8.862068966,,,9.37037037,,,,,,,,,45,,,27.875,,,,,,,,,2.333333333,,,7.125,,,,,,,,,0,,,1.125,,,,,,,,,12.33333333,,,0.625
IAD-SAV,IAD,SAV,62,1,0,61,23,23,23,23,30,14.56521739,20.19672131,20.95652174,21.47826087,0,1.304347826,,,,,62,,,,,,,,,,,,1,,,,,,,,,,,,14.56521739,,,,,,,,,,,,20.19672131,,,,,,,,,,,,20.95652174,,,,,,,,,,,,21.47826087,,,,,,,,,,,,0,,,,,,,,,,,,1.304347826,,,,,,,
IAD-SDF,IAD,SDF,5,0,0,5,3,3,3,3,0,0,16,2,25.33333333,0,0,,,,,5,,,,,,,,,,,,0,,,,,,,,,,,,0,,,,,,,,,,,,16,,,,,,,,,,,,2,,,,,,,,,,,,25.33333333,,,,,,,,,,,,0,,,,,,,,,,,,0,,,,,,,
IAD-SEA,IAD,SEA,40,0,0,40,18,18,18,18,21,19.5,13.775,8,13.22222222,0,1.166666667,,,,,,,,,40,,,,,,,,,,,,0,,,,,,,,,,,,19.5,,,,,,,,,,,,13.775,,,,,,,,,,,,8,,,,,,,,,,,,13.22222222,,,,,,,,,,,,0,,,,,,,,,,,,1.166666667,,,
IAD-SFO,IAD,SFO,276,4,0,272,52,52,52,52,247,32.5,1.349264706,17.26923077,9.25,0,4.75,,,,,,,,,215,,61,,,,,,,,,,4,,0,,,,,,,,,,36.46666667,,7,,,,,,,,,,4.336492891,,-8.983606557,,,,,,,,,,19.57777778,,2.428571429,,,,,,,,,,8.044444444,,17,,,,,,,,,,0,,0,,,,,,,,,,3.444444444,,13.14285714,
IAD-SJU,IAD,SJU,18,0,0,18,8,8,8,8,63,40.25,41.61111111,39.125,10.75,0,7.875,,,,,,,,,18,,,,,,,,,,,,0,,,,,,,,,,,,40.25,,,,,,,,,,,,41.61111111,,,,,,,,,,,,39.125,,,,,,,,,,,,10.75,,,,,,,,,,,,0,,,,,,,,,,,,7.875,,,
IAD-SMF,IAD,SMF,5,0,0,5,1,1,1,1,0,17,4,0,0,0,0,,,,,,,,,5,,,,,,,,,,,,0,,,,,,,,,,,,17,,,,,,,,,,,,4,,,,,,,,,,,,0,,,,,,,,,,,,0,,,,,,,,,,,,0,,,,,,,,,,,,0,,,
IAD-STL,IAD,STL,9,0,0,9,5,5,5,5,137,33.6,38.88888889,0,6,0,27.4,,,,,6,3,,,,,,,,,,,0,0,,,,,,,,,,,35.33333333,31,,,,,,,,,,,43.5,29.66666667,,,,,,,,,,,0,0,,,,,,,,,,,3.666666667,9.5,,,,,,,,,,,0,0,,,,,,,,,,,45.66666667,0,,,,,,
IAD-STT,IAD,STT,21,0,0,21,4,4,4,4,0,27.5,23.80952381,123,1.25,0,0,,,,,,,,,21,,,,,,,,,,,,0,,,,,,,,,,,,27.5,,,,,,,,,,,,23.80952381,,,,,,,,,,,,123,,,,,,,,,,,,1.25,,,,,,,,,,,,0,,,,,,,,,,,,0,,,
IAD-SYR,IAD,SYR,15,0,0,15,3,3,3,3,0,1,-0.533333333,7.333333333,9.666666667,0,0,,,,,15,,,,,,,,,,,,0,,,,,,,,,,,,1,,,,,,,,,,,,-0.533333333,,,,,,,,,,,,7.333333333,,,,,,,,,,,,9.666666667,,,,,,,,,,,,0,,,,,,,,,,,,0,,,,,,,
IAD-TPA,IAD,TPA,101,1,0,100,26,26,26,26,51,23.15384615,5.71,14.65384615,7.307692308,0,1.961538462,,,,,,16,,,85,,,,,,,,,1,,,0,,,,,,,,,12.625,,,27.83333333,,,,,,,,,10.66666667,,,4.835294118,,,,,,,,,8.875,,,17.22222222,,,,,,,,,6.125,,,7.833333333,,,,,,,,,0,,,0,,,,,,,,,1.125,,,2.333333333,,,
IAD-TUL,IAD,TUL,5,0,0,5,2,2,2,2,0,19,19.6,11,15,0,0,,,,,5,,,,,,,,,,,,0,,,,,,,,,,,,19,,,,,,,,,,,,19.6,,,,,,,,,,,,11,,,,,,,,,,,,15,,,,,,,,,,,,0,,,,,,,,,,,,0,,,,,,,
IAD-TYS,IAD,TYS,17,1,0,16,6,6,6,6,0,17.83333333,20.4375,28.66666667,4.833333333,0,0,,,,,17,,,,,,,,,,,,1,,,,,,,,,,,,17.83333333,,,,,,,,,,,,20.4375,,,,,,,,,,,,28.66666667,,,,,,,,,,,,4.833333333,,,,,,,,,,,,0,,,,,,,,,,,,0,,,,,,,
IAD-UST,IAD,UST,3,0,0,3,1,1,1,1,0,1,-1,0,17,0,0,,,,,,3,,,,,,,,,,,,0,,,,,,,,,,,,1,,,,,,,,,,,,-1,,,,,,,,,,,,0,,,,,,,,,,,,17,,,,,,,,,,,,0,,,,,,,,,,,,0,,,,,,
IAH-DCA,IAH,DCA,149,0,0,149,19,19,19,19,0,29.63157895,1.11409396,24.89473684,3.526315789,0,0,,,,,,,,,149,,,,,,,,,,,,0,,,,,,,,,,,,29.63157895,,,,,,,,,,,,1.11409396,,,,,,,,,,,,24.89473684,,,,,,,,,,,,3.526315789,,,,,,,,,,,,0,,,,,,,,,,,,0,,,
IAH-IAD,IAH,IAD,128,2,0,126,20,20,20,20,13,35.95,2.746031746,24.55,7.3,0,0.65,,,,,9,,,1,118,,,,,,,,0,,,0,2,,,,,,,,,,,,35.95,,,,,,,,-11.44444444,,,-10,3.956896552,,,,,,,,,,,,24.55,,,,,,,,,,,,7.3,,,,,,,,,,,,0,,,,,,,,,,,,0.65,,,
IAH-ORF,IAH,ORF,27,0,0,27,8,8,8,8,0,9.5,7.962962963,7.875,16.875,0,0,,,,,5,,,22,,,,,,,,,0,,,0,,,,,,,,,0,,,10.85714286,,,,,,,,,-1.6,,,10.13636364,,,,,,,,,34,,,4.142857143,,,,,,,,,0,,,19.28571429,,,,,,,,,0,,,0,,,,,,,,,0,,,0,,,,
IAH-RIC,IAH,RIC,57,2,0,55,12,12,12,12,0,22.91666667,9.109090909,14.08333333,9.666666667,0,0,,,,,57,,,,,,,,,,,,2,,,,,,,,,,,,22.91666667,,,,,,,,,,,,9.109090909,,,,,,,,,,,,14.08333333,,,,,,,,,,,,9.666666667,,,,,,,,,,,,0,,,,,,,,,,,,0,,,,,,,
IND-DCA,IND,DCA,62,1,0,61,6,6,6,6,0,15.66666667,-5.573770492,27.16666667,7.666666667,0,0,,,,,,,,,,,,62,,,,,,,,,,,,1,,,,,,,,,,,,15.66666667,,,,,,,,,,,,-5.573770492,,,,,,,,,,,,27.16666667,,,,,,,,,,,,7.666666667,,,,,,,,,,,,0,,,,,,,,,,,,0
IND-IAD,IND,IAD,14,0,0,14,,,,,,,-8.357142857,,,,,,,,,14,,,,,,,,,,,,0,,,,,,,,,,,,,,,,,,,,,,,,-8.357142857,,,,,,,,,,,,,,,,,,,,,,,,,,,,,,,,,,,,,,,,,,,,,,,,,,,,,,,
JAC-IAD,JAC,IAD,1,0,0,1,1,1,1,1,0,0,28,3,25,0,0,,,,,,,,,1,,,,,,,,,,,,0,,,,,,,,,,,,0,,,,,,,,,,,,28,,,,,,,,,,,,3,,,,,,,,,,,,25,,,,,,,,,,,,0,,,,,,,,,,,,0,,,
JAX-DCA,JAX,DCA,62,2,0,60,10,10,10,10,0,23.5,1.966666667,14.2,17.8,0,0,,,62,,,,,,,,,,,,2,,,,,,,,,,,,23.5,,,,,,,,,,,,1.966666667,,,,,,,,,,,,14.2,,,,,,,,,,,,17.8,,,,,,,,,,,,0,,,,,,,,,,,,0,,,,,,,,,
JAX-IAD,JAX,IAD,11,0,0,11,3,3,3,3,0,0,2.090909091,19.66666667,10,0,0,,,,,11,,,,,,,,,,,,0,,,,,,,,,,,,0,,,,,,,,,,,,2.090909091,,,,,,,,,,,,19.66666667,,,,,,,,,,,,10,,,,,,,,,,,,0,,,,,,,,,,,,0,,,,,,,
JFK-DCA,JFK,DCA,185,25,0,160,56,56,56,56,68,12.53571429,19.225,31.89285714,17.17857143,0,1.214285714,31,,,,,,154,,,,,,2,,,,,,23,,,,,,18.2,,,,,,11.30434783,,,,,,18.51724138,,,,,,19.38167939,,,,,,1.3,,,,,,38.54347826,,,,,,23.7,,,,,,15.76086957,,,,,,0,,,,,,0,,,,,,0,,,,,,1.47826087,,,,,
JFK-IAD,JFK,IAD,88,6,0,82,23,23,23,23,13,17.13043478,11.37804878,25.86956522,8.608695652,0,0.565217391,,,88,,,,,,,,,,,,6,,,,,,,,,,,,17.13043478,,,,,,,,,,,,11.37804878,,,,,,,,,,,,25.86956522,,,,,,,,,,,,8.608695652,,,,,,,,,,,,0,,,,,,,,,,,,0.565217391,,,,,,,,,
JFK-ORF,JFK,ORF,31,3,0,28,10,10,10,10,15,13.3,16.75,29.5,19.7,0,1.5,,,,,,,31,,,,,,,,,,,,3,,,,,,,,,,,,13.3,,,,,,,,,,,,16.75,,,,,,,,,,,,29.5,,,,,,,,,,,,19.7,,,,,,,,,,,,0,,,,,,,,,,,,1.5,,,,,
LAS-DCA,LAS,DCA,31,0,0,31,3,3,3,3,0,0,-3.612903226,0,35.66666667,0,0,,,,,,,,,,31,,,,,,,,,,,,0,,,,,,,,,,,,0,,,,,,,,,,,,-3.612903226,,,,,,,,,,,,0,,,,,,,,,,,,35.66666667,,,,,,,,,,,,0,,,,,,,,,,,,0,,
LAS-IAD,LAS,IAD,117,1,0,116,29,29,29,29,0,20.79310345,6.75862069,21.55172414,12.03448276,0,0,,,,,,29,,,57,,,31,,,,,,0,,,0,,,1,,,,,,15.89473684,,,33.66666667,,,24.75,,,,,,40.34482759,,,-6.719298246,,,-0.1,,,,,,27.36842105,,,13.5,,,6,,,,,,16.89473684,,,1.5,,,4.75,,,,,,0,,,0,,,0,,,,,,0,,,0,,,0
LAX-DCA,LAX,DCA,93,0,0,93,18,18,18,18,0,3.166666667,1.279569892,4.611111111,20.61111111,0,0,62,31,,,,,,,,,,,0,0,,,,,,,,,,,3.75,2.7,,,,,,,,,,,-0.5,4.838709677,,,,,,,,,,,1.25,7.3,,,,,,,,,,,20.875,20.4,,,,,,,,,,,0,0,,,,,,,,,,,0,0,,,,,,,,,,
LAX-IAD,LAX,IAD,295,2,2,291,62,62,62,62,133,19.24193548,6.549828179,17.03225806,9.935483871,0.209677419,2.14516129,58,,,,,,,,182,,55,,0,,,,,,,,2,,0,,27,,,,,,,,20.32432432,,5.727272727,,11.01724138,,,,,,,,6.505617978,,1.981818182,,10.78571429,,,,,,,,23.83783784,,2.090909091,,16.85714286,,,,,,,,8.837837838,,4.818181818,,0.928571429,,,,,,,,0,,0,,0,,,,,,,,0,,12.09090909,
LGA-CHO,LGA,CHO,54,6,1,47,20,20,20,20,0,14.15,22.27659574,47.9,3.25,0,0,,,,,23,,31,,,,,,,,,,2,,4,,,,,,,,,,9.769230769,,22.28571429,,,,,,,,,,42.42857143,,6,,,,,,,,,,63.15384615,,19.57142857,,,,,,,,,,0.615384615,,8.142857143,,,,,,,,,,0,,0,,,,,,,,,,0,,0,,,,,
LGA-DCA,LGA,DCA,373,51,0,322,84,84,84,84,153,5.464285714,8.01242236,29.76190476,14.47619048,0,1.821428571,,,,,,,,,,373,,,,,,,,,,,,51,,,,,,,,,,,,5.464285714,,,,,,,,,,,,8.01242236,,,,,,,,,,,,29.76190476,,,,,,,,,,,,14.47619048,,,,,,,,,,,,0,,,,,,,,,,,,1.821428571,,
LGA-IAD,LGA,IAD,103,14,0,89,35,35,35,35,8,7.485714286,19.59550562,38.48571429,20.25714286,0,0.228571429,,,,,103,,,,,,,,,,,,14,,,,,,,,,,,,7.485714286,,,,,,,,,,,,19.59550562,,,,,,,,,,,,38.48571429,,,,,,,,,,,,20.25714286,,,,,,,,,,,,0,,,,,,,,,,,,0.228571429,,,,,,,
LGA-ORF,LGA,ORF,70,13,0,57,16,16,16,16,0,9.8125,12.24561404,37.6875,12.25,0,0,,,,,20,,50,,,,,,,,,,3,,10,,,,,,,,,,15.25,,8,,,,,,,,,,16,,10.65,,,,,,,,,,38.25,,37.5,,,,,,,,,,28.25,,6.916666667,,,,,,,,,,0,,0,,,,,,,,,,0,,0,,,,,
LGA-RIC,LGA,RIC,75,17,0,58,23,23,23,23,0,24.47826087,20.63793103,36,6.217391304,0,0,,,,,75,,,,,,,,,,,,17,,,,,,,,,,,,24.47826087,,,,,,,,,,,,20.63793103,,,,,,,,,,,,36,,,,,,,,,,,,6.217391304,,,,,,,,,,,,0,,,,,,,,,,,,0,,,,,,,
MCI-DCA,MCI,DCA,31,1,0,30,3,3,3,3,0,64.33333333,-2.7,0,5.666666667,0,0,,,,,,,,,,,,31,,,,,,,,,,,,1,,,,,,,,,,,,64.33333333,,,,,,,,,,,,-2.7,,,,,,,,,,,,0,,,,,,,,,,,,5.666666667,,,,,,,,,,,,0,,,,,,,,,,,,0
MCI-IAD,MCI,IAD,5,0,0,5,1,1,1,1,0,6,-16.8,0,11,0,0,,,,,5,,,,,,,,,,,,0,,,,,,,,,,,,6,,,,,,,,,,,,-16.8,,,,,,,,,,,,0,,,,,,,,,,,,11,,,,,,,,,,,,0,,,,,,,,,,,,0,,,,,,,
MCO-DCA,MCO,DCA,304,5,0,299,56,56,56,56,306,20.05357143,6.638795987,28.19642857,14.91071429,0.339285714,5.464285714,,,124,,,,,,,180,,,,,5,,,,,,,0,,,,,29.37037037,,,,,,,11.37931034,,,,,10.92436975,,,,,,,3.805555556,,,,,20.03703704,,,,,,,35.79310345,,,,,16.7037037,,,,,,,13.24137931,,,,,0,,,,,,,0.655172414,,,,,10.62962963,,,,,,,0.655172414,,
MCO-IAD,MCO,IAD,163,0,1,162,47,47,47,47,13,11.34042553,14.17283951,34.06382979,13.27659574,0,0.276595745,,,,,,40,,,123,,,,,,,,,0,,,0,,,,,,,,,7.818181818,,,14.44,,,,,,,,,29.525,,,9.139344262,,,,,,,,,29.72727273,,,37.88,,,,,,,,,18.09090909,,,9.04,,,,,,,,,0,,,0,,,,,,,,,0,,,0.52,,,
MCO-ORF,MCO,ORF,31,0,0,31,9,9,9,9,0,21.66666667,15.90322581,27.33333333,3,0,0,,,,,,,,,,,,31,,,,,,,,,,,,0,,,,,,,,,,,,21.66666667,,,,,,,,,,,,15.90322581,,,,,,,,,,,,27.33333333,,,,,,,,,,,,3,,,,,,,,,,,,0,,,,,,,,,,,,0
MCO-RIC,MCO,RIC,67,1,0,66,14,14,14,14,0,10,7.924242424,37.07142857,4.428571429,0,0,,,31,,5,,,,,,,31,,,0,,1,,,,,,,0,,,18,,0,,,,,,,7.555555556,,,3.225806452,,21.5,,,,,,,10.87096774,,,18,,116,,,,,,,36.77777778,,,13.25,,0,,,,,,,1,,,0,,0,,,,,,,0,,,0,,0,,,,,,,0
MDW-DCA,MDW,DCA,267,29,0,238,41,41,41,41,135,15.75609756,1.134453782,22.34146341,9.219512195,0,3.292682927,,,,,,,,,,,,267,,,,,,,,,,,,29,,,,,,,,,,,,15.75609756,,,,,,,,,,,,1.134453782,,,,,,,,,,,,22.34146341,,,,,,,,,,,,9.219512195,,,,,,,,,,,,0,,,,,,,,,,,,3.292682927
MDW-IAD,MDW,IAD,62,3,0,59,9,9,9,9,0,20.55555556,1.762711864,20.33333333,9.666666667,0,0,,,,,,,,,,,,62,,,,,,,,,,,,3,,,,,,,,,,,,20.55555556,,,,,,,,,,,,1.762711864,,,,,,,,,,,,20.33333333,,,,,,,,,,,,9.666666667,,,,,,,,,,,,0,,,,,,,,,,,,0
MDW-ORF,MDW,ORF,31,0,0,31,8,8,8,8,33,29.75,16.25806452,24.375,9.75,0,4.125,,,,,,,,,,,,31,,,,,,,,,,,,0,,,,,,,,,,,,29.75,,,,,,,,,,,,16.25806452,,,,,,,,,,,,24.375,,,,,,,,,,,,9.75,,,,,,,,,,,,0,,,,,,,,,,,,4.125
MEM-IAD,MEM,IAD,3,0,0,3,,,,,,,-9,,,,,,,,,,3,,,,,,,,,,,,0,,,,,,,,,,,,,,,,,,,,,,,,-9,,,,,,,,,,,,,,,,,,,,,,,,,,,,,,,,,,,,,,,,,,,,,,,,,,,,,,
MIA-DCA,MIA,DCA,284,3,0,281,58,58,58,58,20,25.93103448,5.960854093,17.24137931,6.637931034,0,0.344827586,279,,,,,,,,,5,,,3,,,,,,,,,0,,,26.38596491,,,,,,,,,0,,,6.166666667,,,,,,,,,-5.4,,,17.54385965,,,,,,,,,0,,,6.140350877,,,,,,,,,35,,,0,,,,,,,,,0,,,0.350877193,,,,,,,,,0,,
MIA-IAD,MIA,IAD,72,0,1,71,30,30,30,30,0,21.86666667,23.46478873,27.66666667,12.83333333,0,0,62,,,,,10,,,,,,,0,,,,,0,,,,,,,24.84615385,,,,,2.5,,,,,,,25.08196721,,,,,13.6,,,,,,,31.42307692,,,,,3.25,,,,,,,9.730769231,,,,,33,,,,,,,0,,,,,0,,,,,,,0,,,,,0,,,,,,
MIA-ORF,MIA,ORF,61,0,0,61,6,6,6,6,0,15.16666667,2.918032787,15.83333333,13,0,0,,,,,,,61,,,,,,,,,,,,0,,,,,,,,,,,,15.16666667,,,,,,,,,,,,2.918032787,,,,,,,,,,,,15.83333333,,,,,,,,,,,,13,,,,,,,,,,,,0,,,,,,,,,,,,0,,,,,
MIA-RIC,MIA,RIC,5,0,0,5,3,3,3,3,0,6.333333333,16,13,5.333333333,0,0,,,,,,,5,,,,,,,,,,,,0,,,,,,,,,,,,6.333333333,,,,,,,,,,,,16,,,,,,,,,,,,13,,,,,,,,,,,,5.333333333,,,,,,,,,,,,0,,,,,,,,,,,,0,,,,,
MKE-DCA,MKE,DCA,90,6,0,84,14,14,14,14,84,4.214285714,-5.726190476,25.92857143,7.071428571,0,6,,,,,,,,,,,,90,,,,,,,,,,,,6,,,,,,,,,,,,4.214285714,,,,,,,,,,,,-5.726190476,,,,,,,,,,,,25.92857143,,,,,,,,,,,,7.071428571,,,,,,,,,,,,0,,,,,,,,,,,,6
MSP-DCA,MSP,DCA,143,1,0,142,14,14,14,14,75,15,-5.85915493,3.857142857,25.64285714,0,5.357142857,,,,143,,,,,,,,,,,,1,,,,,,,,,,,,15,,,,,,,,,,,,-5.85915493,,,,,,,,,,,,3.857142857,,,,,,,,,,,,25.64285714,,,,,,,,,,,,0,,,,,,,,,,,,5.357142857,,,,,,,,
MSP-IAD,MSP,IAD,36,2,0,34,8,8,8,8,10,9.875,7.411764706,23.625,19.625,0,1.25,,,,,33,3,,,,,,,,,,,2,0,,,,,,,,,,,10.71428571,4,,,,,,,,,,,7.35483871,8,,,,,,,,,,,27,0,,,,,,,,,,,19.42857143,21,,,,,,,,,,,0,0,,,,,,,,,,,1.428571429,0,,,,,,
MSP-RIC,MSP,RIC,27,1,0,26,11,11,11,11,0,7,19.07692308,32.09090909,7.363636364,0,0,,,,,27,,,,,,,,,,,,1,,,,,,,,,,,,7,,,,,,,,,,,,19.07692308,,,,,,,,,,,,32.09090909,,,,,,,,,,,,7.363636364,,,,,,,,,,,,0,,,,,,,,,,,,0,,,,,,,
MSY-DCA,MSY,DCA,66,5,1,60,8,8,8,8,0,5.25,-4.466666667,27,2.875,0,0,,,,,,,,,,4,,62,,,,,,,,,,0,,5,,,,,,,,,,,,5.25,,,,,,,,,,-1,,-4.714285714,,,,,,,,,,,,27,,,,,,,,,,,,2.875,,,,,,,,,,,,0,,,,,,,,,,,,0
OKC-IAD,OKC,IAD,5,0,0,5,1,1,1,1,0,0,10.6,81,0,0,0,,,,,5,,,,,,,,,,,,0,,,,,,,,,,,,0,,,,,,,,,,,,10.6,,,,,,,,,,,,81,,,,,,,,,,,,0,,,,,,,,,,,,0,,,,,,,,,,,,0,,,,,,,
ORD-CHO,ORD,CHO,62,7,0,55,35,35,35,35,696,18.74285714,45.27272727,17.37142857,15.57142857,0.342857143,19.88571429,,,,,,,,62,,,,,,,,,,,,7,,,,,,,,,,,,18.74285714,,,,,,,,,,,,45.27272727,,,,,,,,,,,,17.37142857,,,,,,,,,,,,15.57142857,,,,,,,,,,,,0.342857143,,,,,,,,,,,,19.88571429,,,,
ORD-DCA,ORD,DCA,467,18,1,448,124,124,124,124,1459,19.80645161,13.44419643,22.5483871,10.94354839,0,11.76612903,267,,,,,,,106,94,,,,10,,,,,,,5,3,,,,17.24137931,,,,,,,24.2826087,16.95,,,,7.18359375,,,,,,,29.10891089,13.67032967,,,,15.9137931,,,,,,,25.45652174,35.1,,,,8.120689655,,,,,,,12.2173913,16.2,,,,0,,,,,,,0,0,,,,11.20689655,,,,,,,4.739130435,29.55,,,
ORD-IAD,ORD,IAD,158,4,0,154,50,50,50,50,708,26.68,19.76623377,22.44,13.04,0,14.16,,,,,22,19,,,117,,,,,,,,1,0,,,3,,,,,,,,15.4,39,,,25.89655172,,,,,,,,18.14285714,49.26315789,,,15.14912281,,,,,,,,15.1,16.36363636,,,27.27586207,,,,,,,,7.7,39.45454545,,,4.862068966,,,,,,,,0,0,,,0,,,,,,,,6.7,0,,,22.10344828,,,
ORD-ORF,ORD,ORF,72,3,0,69,25,25,25,25,253,13.2,15.1884058,13.28,11.64,0,10.12,,,,,45,,,27,,,,,,,,,0,,,3,,,,,,,,,8.785714286,,,18.81818182,,,,,,,,,12.86666667,,,19.54166667,,,,,,,,,4,,,25.09090909,,,,,,,,,16.5,,,5.454545455,,,,,,,,,0,,,0,,,,,,,,,15.92857143,,,2.727272727,,,,
ORD-RIC,ORD,RIC,168,15,1,152,50,50,50,50,757,11.48,21.07894737,38.68,13.44,0,15.14,,,,,58,,82,,28,,,,,,,,2,,13,,0,,,,,,,,5.875,,12.45833333,,18.1,,,,,,,,21.23214286,,15.41176471,,34.53571429,,,,,,,,65.375,,15.20833333,,52.3,,,,,,,,11.9375,,17.29166667,,6.6,,,,,,,,0,,0,,0,,,,,,,,10.0625,,14.66666667,,24.4,,,
ORD-ROA,ORD,ROA,20,1,0,19,7,7,7,7,0,27.14285714,18.78947368,19.42857143,13.28571429,0,0,,,,,20,,,,,,,,,,,,1,,,,,,,,,,,,27.14285714,,,,,,,,,,,,18.78947368,,,,,,,,,,,,19.42857143,,,,,,,,,,,,13.28571429,,,,,,,,,,,,0,,,,,,,,,,,,0,,,,,,,
ORF-ATL,ORF,ATL,191,0,0,191,11,11,11,11,0,18.63636364,-7.345549738,19.54545455,27.54545455,0,0,,,,187,4,,,,,,,,,,,0,0,,,,,,,,,,,20.5,0,,,,,,,,,,,-7.839572193,15.75,,,,,,,,,,,13,85,,,,,,,,,,,30.3,0,,,,,,,,,,,0,0,,,,,,,,,,,0,0,,,,,,,
ORF-BWI,ORF,BWI,89,1,0,88,19,19,19,19,0,14.15789474,5.556818182,32.57894737,6.210526316,0,0,,,,,,,,,,,,89,,,,,,,,,,,,1,,,,,,,,,,,,14.15789474,,,,,,,,,,,,5.556818182,,,,,,,,,,,,32.57894737,,,,,,,,,,,,6.210526316,,,,,,,,,,,,0,,,,,,,,,,,,0
ORF-CLT,ORF,CLT,80,0,0,80,11,11,11,11,2,7.181818182,-0.75,0.727272727,18.72727273,0,0.181818182,,,,,,,,,,80,,,,,,,,,,,,0,,,,,,,,,,,,7.181818182,,,,,,,,,,,,-0.75,,,,,,,,,,,,0.727272727,,,,,,,,,,,,18.72727273,,,,,,,,,,,,0,,,,,,,,,,,,0.181818182,,
ORF-DFW,ORF,DFW,57,0,0,57,11,11,11,11,0,13.18181818,-1.157894737,8.909090909,11,0,0,57,,,,,,,,,,,,0,,,,,,,,,,,,13.18181818,,,,,,,,,,,,-1.157894737,,,,,,,,,,,,8.909090909,,,,,,,,,,,,11,,,,,,,,,,,,0,,,,,,,,,,,,0,,,,,,,,,,,
ORF-DTW,ORF,DTW,37,0,0,37,4,4,4,4,0,64.5,4.108108108,71.75,6.75,0,0,,,,2,35,,,,,,,,,,,0,0,,,,,,,,,,,,64.5,,,,,,,,,,,-26,5.828571429,,,,,,,,,,,,71.75,,,,,,,,,,,,6.75,,,,,,,,,,,,0,,,,,,,,,,,,0,,,,,,,
ORF-EWR,ORF,EWR,51,7,0,44,6,6,6,6,0,37.83333333,6.090909091,64.66666667,0.833333333,0,0,,,,,51,,,,,,,,,,,,7,,,,,,,,,,,,37.83333333,,,,,,,,,,,,6.090909091,,,,,,,,,,,,64.66666667,,,,,,,,,,,,0.833333333,,,,,,,,,,,,0,,,,,,,,,,,,0,,,,,,,
ORF-IAD,ORF,IAD,41,0,0,41,6,6,6,6,0,0.5,1,32.66666667,16.66666667,0,0,,,,,41,,,,,,,,,,,,0,,,,,,,,,,,,0.5,,,,,,,,,,,,1,,,,,,,,,,,,32.66666667,,,,,,,,,,,,16.66666667,,,,,,,,,,,,0,,,,,,,,,,,,0,,,,,,,
ORF-IAH,ORF,IAH,27,0,0,27,7,7,7,7,0,3.857142857,-2.296296296,17.57142857,7.428571429,0,0,,,,,5,,,22,,,,,,,,,0,,,0,,,,,,,,,0,,,4.5,,,,,,,,,5,,,-3.954545455,,,,,,,,,24,,,16.5,,,,,,,,,0,,,8.666666667,,,,,,,,,0,,,0,,,,,,,,,0,,,0,,,,
ORF-JFK,ORF,JFK,31,3,0,28,5,5,5,5,40,0,-7.642857143,0,40.4,0,8,,,,,,,31,,,,,,,,,,,,3,,,,,,,,,,,,0,,,,,,,,,,,,-7.642857143,,,,,,,,,,,,0,,,,,,,,,,,,40.4,,,,,,,,,,,,0,,,,,,,,,,,,8,,,,,
ORF-LGA,ORF,LGA,50,11,0,39,21,21,21,21,0,0.523809524,28.61538462,26.33333333,29.0952381,0,0,,,,,,,50,,,,,,,,,,,,11,,,,,,,,,,,,0.523809524,,,,,,,,,,,,28.61538462,,,,,,,,,,,,26.33333333,,,,,,,,,,,,29.0952381,,,,,,,,,,,,0,,,,,,,,,,,,0,,,,,
ORF-MCO,ORF,MCO,31,0,0,31,5,5,5,5,0,8.8,4.903225806,67.2,4.4,0,0,,,,,,,,,,,,31,,,,,,,,,,,,0,,,,,,,,,,,,8.8,,,,,,,,,,,,4.903225806,,,,,,,,,,,,67.2,,,,,,,,,,,,4.4,,,,,,,,,,,,0,,,,,,,,,,,,0
ORF-MDW,ORF,MDW,32,0,1,31,11,11,11,11,67,21.72727273,14.80645161,22,1.727272727,0,6.090909091,,,,,,,,,,,,32,,,,,,,,,,,,0,,,,,,,,,,,,21.72727273,,,,,,,,,,,,14.80645161,,,,,,,,,,,,22,,,,,,,,,,,,1.727272727,,,,,,,,,,,,0,,,,,,,,,,,,6.090909091
ORF-MIA,ORF,MIA,61,2,0,59,11,11,11,11,0,9.454545455,-1.576271186,37.54545455,7.727272727,0,0,,,,,,,61,,,,,,,,,,,,2,,,,,,,,,,,,9.454545455,,,,,,,,,,,,-1.576271186,,,,,,,,,,,,37.54545455,,,,,,,,,,,,7.727272727,,,,,,,,,,,,0,,,,,,,,,,,,0,,,,,
ORF-ORD,ORF,ORD,77,4,0,73,21,21,21,21,0,31.19047619,13.54794521,10.23809524,19.0952381,0,0,,,,,49,,,28,,,,,,,,,1,,,3,,,,,,,,,21.6875,,,61.6,,,,,,,,,16.3125,,,8.24,,,,,,,,,11.625,,,5.8,,,,,,,,,19.9375,,,16.4,,,,,,,,,0,,,0,,,,,,,,,0,,,0,,,,
PBI-DCA,PBI,DCA,100,2,1,97,15,15,15,15,0,11.13333333,4.711340206,38.46666667,7.266666667,3.2,0,,,35,,,,,,,65,,,,,1,,,,,,,1,,,,,9.428571429,,,,,,,12.625,,,,,11.02941176,,,,,,,1.301587302,,,,,52.85714286,,,,,,,25.875,,,,,1.285714286,,,,,,,12.5,,,,,4.285714286,,,,,,,2.25,,,,,0,,,,,,,0,,
PBI-IAD,PBI,IAD,17,0,0,17,6,6,6,6,0,15,21.70588235,38.83333333,9.833333333,0,0,,,,,,17,,,,,,,,,,,,0,,,,,,,,,,,,15,,,,,,,,,,,,21.70588235,,,,,,,,,,,,38.83333333,,,,,,,,,,,,9.833333333,,,,,,,,,,,,0,,,,,,,,,,,,0,,,,,,
PDX-DCA,PDX,DCA,31,0,0,31,2,2,2,2,0,11,-11.25806452,0,11,0,0,,31,,,,,,,,,,,,0,,,,,,,,,,,,11,,,,,,,,,,,,-11.25806452,,,,,,,,,,,,0,,,,,,,,,,,,11,,,,,,,,,,,,0,,,,,,,,,,,,0,,,,,,,,,,
PDX-IAD,PDX,IAD,5,0,0,5,,,,,,,-17.6,,,,,,,,,,,,,5,,,,,,,,,,,,0,,,,,,,,,,,,,,,,,,,,,,,,-17.6,,,,,,,,,,,,,,,,,,,,,,,,,,,,,,,,,,,,,,,,,,,,,,,,,,,
PHF-ATL,PHF,ATL,137,1,0,136,32,32,32,32,0,15.5625,7.404411765,14.4375,16.21875,0,0,,,,,137,,,,,,,,,,,,1,,,,,,,,,,,,15.5625,,,,,,,,,,,,7.404411765,,,,,,,,,,,,14.4375,,,,,,,,,,,,16.21875,,,,,,,,,,,,0,,,,,,,,,,,,0,,,,,,,
PHF-DEN,PHF,DEN,3,0,1,2,1,1,1,1,0,23,19.5,8,8,0,0,,,,,,3,,,,,,,,,,,,0,,,,,,,,,,,,23,,,,,,,,,,,,19.5,,,,,,,,,,,,8,,,,,,,,,,,,8,,,,,,,,,,,,0,,,,,,,,,,,,0,,,,,,
PHL-DCA,PHL,DCA,33,1,0,32,15,15,15,15,42,10.53333333,19.875,28.2,9,0,2.8,,,,,,,,,,33,,,,,,,,,,,,1,,,,,,,,,,,,10.53333333,,,,,,,,,,,,19.875,,,,,,,,,,,,28.2,,,,,,,,,,,,9,,,,,,,,,,,,0,,,,,,,,,,,,2.8,,
PHX-DCA,PHX,DCA,89,0,0,89,27,27,27,27,0,16.7037037,9.887640449,13.77777778,15.14814815,0.185185185,0,,,,,,,,,,89,,,,,,,,,,,,0,,,,,,,,,,,,16.7037037,,,,,,,,,,,,9.887640449,,,,,,,,,,,,13.77777778,,,,,,,,,,,,15.14814815,,,,,,,,,,,,0.185185185,,,,,,,,,,,,0,,
PHX-IAD,PHX,IAD,31,0,0,31,1,1,1,1,20,0,-14.09677419,0,0,0,20,,,,,,,,,31,,,,,,,,,,,,0,,,,,,,,,,,,0,,,,,,,,,,,,-14.09677419,,,,,,,,,,,,0,,,,,,,,,,,,0,,,,,,,,,,,,0,,,,,,,,,,,,20,,,
PIT-DCA,PIT,DCA,1,0,0,1,1,1,1,1,0,0,15,0,15,0,0,,,,,,,,,,1,,,,,,,,,,,,0,,,,,,,,,,,,0,,,,,,,,,,,,15,,,,,,,,,,,,0,,,,,,,,,,,,15,,,,,,,,,,,,0,,,,,,,,,,,,0,,
PIT-IAD,PIT,IAD,112,6,0,106,23,23,23,23,372,27.34782609,13.64150943,58.2173913,8.869565217,0,16.17391304,,,,,112,,,,,,,,,,,,6,,,,,,,,,,,,27.34782609,,,,,,,,,,,,13.64150943,,,,,,,,,,,,58.2173913,,,,,,,,,,,,8.869565217,,,,,,,,,,,,0,,,,,,,,,,,,16.17391304,,,,,,,
PVD-IAD,PVD,IAD,62,4,0,58,15,15,15,15,4,7.733333333,8.051724138,28.06666667,21.86666667,0,0.266666667,,,,,62,,,,,,,,,,,,4,,,,,,,,,,,,7.733333333,,,,,,,,,,,,8.051724138,,,,,,,,,,,,28.06666667,,,,,,,,,,,,21.86666667,,,,,,,,,,,,0,,,,,,,,,,,,0.266666667,,,,,,,
RDU-IAD,RDU,IAD,6,0,0,6,1,1,1,1,0,0,-0.833333333,13,4,0,0,,,,,6,,,,,,,,,,,,0,,,,,,,,,,,,0,,,,,,,,,,,,-0.833333333,,,,,,,,,,,,13,,,,,,,,,,,,4,,,,,,,,,,,,0,,,,,,,,,,,,0,,,,,,,
RDU-PHF,RDU,PHF,1,0,0,1,1,1,1,1,0,20,30,0,10,0,0,,,,,1,,,,,,,,,,,,0,,,,,,,,,,,,20,,,,,,,,,,,,30,,,,,,,,,,,,0,,,,,,,,,,,,10,,,,,,,,,,,,0,,,,,,,,,,,,0,,,,,,,
RIC-ATL,RIC,ATL,310,0,0,310,40,40,40,40,680,19.1,2.387096774,28.05,25.425,0,17,,,,220,2,,,,,,,88,,,,0,0,,,,,,,0,,,,11.07407407,,,,,,,,35.76923077,,,,-0.004545455,-18.5,,,,,,,8.840909091,,,,33.92592593,,,,,,,,15.84615385,,,,29.33333333,,,,,,,,17.30769231,,,,0,,,,,,,,0,,,,13.96296296,,,,,,,,23.30769231
RIC-BOS,RIC,BOS,192,18,0,174,30,30,30,30,93,15.16666667,1.17816092,23.23333333,15.33333333,0,3.1,,,124,,68,,,,,,,,,,10,,8,,,,,,,,,,6.647058824,,26.30769231,,,,,,,,,,0.456140351,,2.55,,,,,,,,,,31.41176471,,12.53846154,,,,,,,,,,17.70588235,,12.23076923,,,,,,,,,,0,,0,,,,,,,,,,5.470588235,,0,,,,,,,
RIC-CAE,RIC,CAE,1,0,0,1,1,1,1,1,0,190,228,0,38,0,0,,,,,1,,,,,,,,,,,,0,,,,,,,,,,,,190,,,,,,,,,,,,228,,,,,,,,,,,,0,,,,,,,,,,,,38,,,,,,,,,,,,0,,,,,,,,,,,,0,,,,,,,
RIC-CLT,RIC,CLT,110,3,0,107,20,20,20,20,446,6.65,6.38317757,15.55,18.7,0,22.3,,,,,,,,,,110,,,,,,,,,,,,3,,,,,,,,,,,,6.65,,,,,,,,,,,,6.38317757,,,,,,,,,,,,15.55,,,,,,,,,,,,18.7,,,,,,,,,,,,0,,,,,,,,,,,,22.3,,
RIC-DFW,RIC,DFW,63,1,0,62,9,9,9,9,215,7.555555556,-1.596774194,28.11111111,4.666666667,0,23.88888889,63,,,,,,,,,,,,1,,,,,,,,,,,,7.555555556,,,,,,,,,,,,-1.596774194,,,,,,,,,,,,28.11111111,,,,,,,,,,,,4.666666667,,,,,,,,,,,,0,,,,,,,,,,,,23.88888889,,,,,,,,,,,
RIC-DTW,RIC,DTW,53,3,0,50,4,4,4,4,0,20.25,-8.74,7.5,10.5,0,0,,,,,53,,,,,,,,,,,,3,,,,,,,,,,,,20.25,,,,,,,,,,,,-8.74,,,,,,,,,,,,7.5,,,,,,,,,,,,10.5,,,,,,,,,,,,0,,,,,,,,,,,,0,,,,,,,
RIC-EWR,RIC,EWR,85,12,0,73,25,25,25,25,15,19.76,17.75342466,4.16,40.52,0,0.6,,,,,85,,,,,,,,,,,,12,,,,,,,,,,,,19.76,,,,,,,,,,,,17.75342466,,,,,,,,,,,,4.16,,,,,,,,,,,,40.52,,,,,,,,,,,,0,,,,,,,,,,,,0.6,,,,,,,
RIC-FLL,RIC,FLL,31,0,0,31,4,4,4,4,0,6.75,-1.774193548,31.25,5.25,0,0,,,31,,,,,,,,,,,,0,,,,,,,,,,,,6.75,,,,,,,,,,,,-1.774193548,,,,,,,,,,,,31.25,,,,,,,,,,,,5.25,,,,,,,,,,,,0,,,,,,,,,,,,0,,,,,,,,,
RIC-IAD,RIC,IAD,26,0,0,26,3,3,3,3,0,39.33333333,-3.461538462,28.33333333,4,0,0,,,,,26,,,,,,,,,,,,0,,,,,,,,,,,,39.33333333,,,,,,,,,,,,-3.461538462,,,,,,,,,,,,28.33333333,,,,,,,,,,,,4,,,,,,,,,,,,0,,,,,,,,,,,,0,,,,,,,
RIC-IAH,RIC,IAH,57,2,1,54,18,18,18,18,222,27.33333333,21.85185185,24.11111111,25.72222222,0,12.33333333,,,,,57,,,,,,,,,,,,2,,,,,,,,,,,,27.33333333,,,,,,,,,,,,21.85185185,,,,,,,,,,,,24.11111111,,,,,,,,,,,,25.72222222,,,,,,,,,,,,0,,,,,,,,,,,,12.33333333,,,,,,,
RIC-LGA,RIC,LGA,76,14,0,62,29,29,29,29,0,19,22.70967742,20.34482759,15.44827586,0,0,,,,,76,,,,,,,,,,,,14,,,,,,,,,,,,19,,,,,,,,,,,,22.70967742,,,,,,,,,,,,20.34482759,,,,,,,,,,,,15.44827586,,,,,,,,,,,,0,,,,,,,,,,,,0,,,,,,,
RIC-MCO,RIC,MCO,67,0,0,67,8,8,8,8,416,82.25,13.53731343,5.875,32.125,0,52,,,31,,5,,,,,,,31,,,0,,0,,,,,,,0,,,24,,199,,,,,,,53,,,0.548387097,,77.4,,,,,,,16.22580645,,,0,,23.5,,,,,,,0,,,105,,0,,,,,,,11.75,,,0,,0,,,,,,,0,,,0,,0,,,,,,,104
RIC-MIA,RIC,MIA,5,0,0,5,1,1,1,1,0,24,-5.2,0,0,0,0,,,,,,,5,,,,,,,,,,,,0,,,,,,,,,,,,24,,,,,,,,,,,,-5.2,,,,,,,,,,,,0,,,,,,,,,,,,0,,,,,,,,,,,,0,,,,,,,,,,,,0,,,,,
RIC-MSP,RIC,MSP,27,1,0,26,8,8,8,8,0,143.375,40.80769231,0,10.125,0,0,,,,,27,,,,,,,,,,,,1,,,,,,,,,,,,143.375,,,,,,,,,,,,40.80769231,,,,,,,,,,,,0,,,,,,,,,,,,10.125,,,,,,,,,,,,0,,,,,,,,,,,,0,,,,,,,
RIC-ORD,RIC,ORD,171,17,1,153,57,57,57,57,889,20.36842105,23.49019608,17.24561404,25.66666667,0,15.59649123,,,,,60,,83,,28,,,,,,,,3,,14,,0,,,,,,,,11.45454545,,7.892857143,,98.28571429,,,,,,,,18.78947368,,23.48529412,,33.07142857,,,,,,,,14.36363636,,23.82142857,,0,,,,,,,,25.95454545,,30.78571429,,4.285714286,,,,,,,,0,,0,,0,,,,,,,,6.454545455,,11.25,,61.71428571,,,
ROA-ATL,ROA,ATL,115,3,0,112,16,16,16,16,191,19.25,4.142857143,46.6875,10.5,0,11.9375,,,,27,88,,,,,,,,,,,0,3,,,,,,,,,,,16.33333333,19.92307692,,,,,,,,,,,0.296296296,5.364705882,,,,,,,,,,,0,57.46153846,,,,,,,,,,,23,7.615384615,,,,,,,,,,,0,0,,,,,,,,,,,63.66666667,0,,,,,,,
ROA-IAD,ROA,IAD,4,0,0,4,1,1,1,1,0,0,13.25,78,0,0,0,,,,,4,,,,,,,,,,,,0,,,,,,,,,,,,0,,,,,,,,,,,,13.25,,,,,,,,,,,,78,,,,,,,,,,,,0,,,,,,,,,,,,0,,,,,,,,,,,,0,,,,,,,
ROA-ORD,ROA,ORD,21,1,0,20,5,5,5,5,0,16.6,6.35,0,18,0,0,,,,,21,,,,,,,,,,,,1,,,,,,,,,,,,16.6,,,,,,,,,,,,6.35,,,,,,,,,,,,0,,,,,,,,,,,,18,,,,,,,,,,,,0,,,,,,,,,,,,0,,,,,,,
ROC-IAD,ROC,IAD,49,0,0,49,13,13,13,13,0,24.38461538,20.24489796,56.76923077,7.230769231,0,0,,,,,49,,,,,,,,,,,,0,,,,,,,,,,,,24.38461538,,,,,,,,,,,,20.24489796,,,,,,,,,,,,56.76923077,,,,,,,,,,,,7.230769231,,,,,,,,,,,,0,,,,,,,,,,,,0,,,,,,,
RSW-DCA,RSW,DCA,124,3,0,121,21,21,21,21,83,9.333333333,5.504132231,45.0952381,11.61904762,0,3.952380952,,,36,,,,,,,57,,31,,,1,,,,,,,2,,0,,,2,,,,,,,13,,7.5,,,4.371428571,,,,,,,12.34545455,,-5.35483871,,,66,,,,,,,45.75,,17,,,3.6,,,,,,,16.58333333,,6.75,,,0,,,,,,,0,,0,,,16.6,,,,,,,0,,0
RSW-IAD,RSW,IAD,26,0,0,26,4,4,4,4,0,2,19.38461538,151.5,18.75,0,0,,,,,,26,,,,,,,,,,,,0,,,,,,,,,,,,2,,,,,,,,,,,,19.38461538,,,,,,,,,,,,151.5,,,,,,,,,,,,18.75,,,,,,,,,,,,0,,,,,,,,,,,,0,,,,,,
SAN-IAD,SAN,IAD,89,1,1,87,14,14,14,14,6,5.428571429,6.965517241,62.5,7.571428571,0,0.428571429,,,,,,,,,62,,,27,,,,,,,,,1,,,0,,,,,,,,,6,,,4,,,,,,,,,5.666666667,,,9.851851852,,,,,,,,,60.6,,,67.25,,,,,,,,,4.7,,,14.75,,,,,,,,,0,,,0,,,,,,,,,0,,,1.5
SAV-IAD,SAV,IAD,61,2,0,59,14,14,14,14,0,7.214285714,8.576271186,17.07142857,26.07142857,0,0,,,,,61,,,,,,,,,,,,2,,,,,,,,,,,,7.214285714,,,,,,,,,,,,8.576271186,,,,,,,,,,,,17.07142857,,,,,,,,,,,,26.07142857,,,,,,,,,,,,0,,,,,,,,,,,,0,,,,,,,
SDF-IAD,SDF,IAD,12,0,0,12,1,1,1,1,0,0,-5.666666667,19,0,0,0,,,,,12,,,,,,,,,,,,0,,,,,,,,,,,,0,,,,,,,,,,,,-5.666666667,,,,,,,,,,,,19,,,,,,,,,,,,0,,,,,,,,,,,,0,,,,,,,,,,,,0,,,,,,,
SEA-DCA,SEA,DCA,58,0,0,58,11,11,11,11,0,8.454545455,-1.775862069,12.09090909,10.54545455,0,0,,58,,,,,,,,,,,,0,,,,,,,,,,,,8.454545455,,,,,,,,,,,,-1.775862069,,,,,,,,,,,,12.09090909,,,,,,,,,,,,10.54545455,,,,,,,,,,,,0,,,,,,,,,,,,0,,,,,,,,,,
SEA-IAD,SEA,IAD,40,0,0,40,6,6,6,6,0,3.666666667,9.65,100,2.833333333,0,0,,,,,,,,,40,,,,,,,,,,,,0,,,,,,,,,,,,3.666666667,,,,,,,,,,,,9.65,,,,,,,,,,,,100,,,,,,,,,,,,2.833333333,,,,,,,,,,,,0,,,,,,,,,,,,0,,,
SFO-DCA,SFO,DCA,62,0,0,62,17,17,17,17,90,23.52941176,6.64516129,3.882352941,4.647058824,0,5.294117647,,,,,,,,,31,,31,,,,,,,,,,0,,0,,,,,,,,,,41.44444444,,3.375,,,,,,,,,,10.74193548,,2.548387097,,,,,,,,,,7.333333333,,0,,,,,,,,,,1.333333333,,8.375,,,,,,,,,,0,,0,,,,,,,,,,1.777777778,,9.25,
SFO-IAD,SFO,IAD,254,1,1,252,41,41,41,41,75,18.58536585,5.154761905,26.73170732,8.731707317,0,1.829268293,,,,,,,,,192,,62,,,,,,,,,,1,,0,,,,,,,,,,17.20689655,,21.91666667,,,,,,,,,,3.963157895,,8.806451613,,,,,,,,,,30.51724138,,17.58333333,,,,,,,,,,9,,8.083333333,,,,,,,,,,0,,0,,,,,,,,,,0,,6.25,
SJU-DCA,SJU,DCA,31,1,0,30,7,7,7,7,0,18.14285714,7.8,18.71428571,3.142857143,0,0,,,31,,,,,,,,,,,,1,,,,,,,,,,,,18.14285714,,,,,,,,,,,,7.8,,,,,,,,,,,,18.71428571,,,,,,,,,,,,3.142857143,,,,,,,,,,,,0,,,,,,,,,,,,0,,,,,,,,,
SJU-IAD,SJU,IAD,18,0,0,18,7,7,7,7,0,15,28.16666667,62.14285714,5.142857143,0,0,,,,,,,,,18,,,,,,,,,,,,0,,,,,,,,,,,,15,,,,,,,,,,,,28.16666667,,,,,,,,,,,,62.14285714,,,,,,,,,,,,5.142857143,,,,,,,,,,,,0,,,,,,,,,,,,0,,,
SLC-DCA,SLC,DCA,57,0,0,57,8,8,8,8,0,34.75,-1.122807018,4.125,11.875,0,0,,,,57,,,,,,,,,,,,0,,,,,,,,,,,,34.75,,,,,,,,,,,,-1.122807018,,,,,,,,,,,,4.125,,,,,,,,,,,,11.875,,,,,,,,,,,,0,,,,,,,,,,,,0,,,,,,,,
SMF-IAD,SMF,IAD,5,0,0,5,,,,,,,-7.4,,,,,,,,,,,,,5,,,,,,,,,,,,0,,,,,,,,,,,,,,,,,,,,,,,,-7.4,,,,,,,,,,,,,,,,,,,,,,,,,,,,,,,,,,,,,,,,,,,,,,,,,,,
STL-DCA,STL,DCA,87,3,0,84,15,15,15,15,0,28.66666667,3.44047619,17.33333333,1.133333333,0,0,,,,,,,,,,,,87,,,,,,,,,,,,3,,,,,,,,,,,,28.66666667,,,,,,,,,,,,3.44047619,,,,,,,,,,,,17.33333333,,,,,,,,,,,,1.133333333,,,,,,,,,,,,0,,,,,,,,,,,,0
STL-IAD,STL,IAD,9,0,0,9,1,1,1,1,0,40,-0.888888889,8,6,0,0,,,,,6,3,,,,,,,,,,,0,0,,,,,,,,,,,40,,,,,,,,,,,,1.833333333,-6.333333333,,,,,,,,,,,8,,,,,,,,,,,,6,,,,,,,,,,,,0,,,,,,,,,,,,0,,,,,,,
STT-IAD,STT,IAD,21,0,0,21,6,6,6,6,17,39.83333333,21,53,1.5,0,2.833333333,,,,,,,,,21,,,,,,,,,,,,0,,,,,,,,,,,,39.83333333,,,,,,,,,,,,21,,,,,,,,,,,,53,,,,,,,,,,,,1.5,,,,,,,,,,,,0,,,,,,,,,,,,2.833333333,,,
SYR-IAD,SYR,IAD,17,0,0,17,4,4,4,4,0,0.5,7,0,44.5,0,0,,,,,17,,,,,,,,,,,,0,,,,,,,,,,,,0.5,,,,,,,,,,,,7,,,,,,,,,,,,0,,,,,,,,,,,,44.5,,,,,,,,,,,,0,,,,,,,,,,,,0,,,,,,,
TPA-DCA,TPA,DCA,244,6,1,237,28,28,28,28,0,37.03571429,0.789029536,21.75,18.28571429,0,0,,,67,,,,,,,115,,62,,,2,,,,,,,4,,0,,,71,,,,,,,32.5,,9.875,,,5.6,,,,,,,-0.918181818,,-1.225806452,,,8.625,,,,,,,18.58333333,,39.625,,,28.5,,,,,,,12.16666667,,17.25,,,0,,,,,,,0,,0,,,0,,,,,,,0,,0
TPA-IAD,TPA,IAD,105,3,0,102,22,22,22,22,20,12.27272727,2.156862745,21.54545455,9.863636364,0,0.909090909,,,,,,16,,,89,,,,,,,,,1,,,2,,,,,,,,,19.66666667,,,9.5,,,,,,,,,17.2,,,-0.436781609,,,,,,,,,21,,,21.75,,,,,,,,,9.666666667,,,9.9375,,,,,,,,,0,,,0,,,,,,,,,0,,,1.25,,,
TUL-IAD,TUL,IAD,5,0,0,5,,,,,,,-13.4,,,,,,,,,5,,,,,,,,,,,,0,,,,,,,,,,,,,,,,,,,,,,,,-13.4,,,,,,,,,,,,,,,,,,,,,,,,,,,,,,,,,,,,,,,,,,,,,,,,,,,,,,,
TYS-IAD,TYS,IAD,17,1,0,16,7,7,7,7,0,58.14285714,31.5625,22.42857143,4.428571429,0,0,,,,,17,,,,,,,,,,,,1,,,,,,,,,,,,58.14285714,,,,,,,,,,,,31.5625,,,,,,,,,,,,22.42857143,,,,,,,,,,,,4.428571429,,,,,,,,,,,,0,,,,,,,,,,,,0,,,,,,,
UST-IAD,UST,IAD,3,0,0,3,1,1,1,1,0,17,3,0,1,0,0,,,,,,3,,,,,,,,,,,,0,,,,,,,,,,,,17,,,,,,,,,,,,3,,,,,,,,,,,,0,,,,,,,,,,,,1,,,,,,,,,,,,0,,,,,,,,,,,,0,,,,,,
GRR-IAD,GRR,IAD,0,0,0,0,0,0,0,0,0,,,,,,,,,,,,,,,,,,,,,,,,,,,,,,,,,,,,,,,,,,,,,,,,,,,,,,,,,,,,,,,,,,,,,,,,,,,,,,,,,,,,,,,,,,,,,,,,,,,,,,
